Name,Email,Phone,Credit Card Number,Birthdate,Customer ID,City,State,ZIP Code
0092f38930,michaelluna@example.net,gAAAAABoADdKsvUcZdu1s0mrvmg6OZbvvtjJYB7T-nQ_zLUx7royPBjtMqU9ZuR-8uDEgkRWrwB2fbTaYgkD50r9zPdbio1dTg==,1e31aaad1361bc3aaccda6e3e85dddc8c2663ad8e829c55843fa1ee1a36aaaee,1990-02-28,576045,East Kara,KS,47193
3d4f6e3fbe,andrewsingh@example.com,gAAAAABoADdKMbHeB_4RtZgxNkwQ3e_4BuEWLp70cOFE4EHKMO2jPOKjuqqhUyfa4YL93GcVmqXRCL9vyKgoGql9H0B5TNzEZ3nzCiXBtWEJL4xkuRdGo-s=,deff83821a2558e2b6a93e69e1ad9270e6d68a4833d57c2ab50eda0bd2d4e078,1996-09-15,556146,South Dustin,PW,15187
e851a27b82,bnguyen@example.net,gAAAAABoADdKlGfE5HhPTSCRGLaBoYDgytMbE5OYf1F7ZRp5XFT6UYeKrxP5TYMwQO_epyYp93qiP5dQAz17WVV8G_8UHR9JBQ==,ddd41b88ba314fbf07f8ebb2616e2c47e51a0040e6eead7813b587af0ce73fc0,2004-04-16,622738,DPO,AA,49403
d92297d1fb,dawn98@example.net,gAAAAABoADdKs2HCvkOMgyLZeRtc3m8UdTP7n218hds-Y04bRM4DynF1HkpheY9KPW9HMJi3ijx_L8AqmTCfg_Zx3Tt_vu3dwg==,b4c0f48d525e79a7f9d2efb92c621b520aee27ae1570327faae69908eefc9a11,1997-02-12,6703,DPO,AP,29670
f3337dd4d4,icombs@example.org,gAAAAABoADdKnKMUfURDMiXynN_hUUkBsOaVLTE1hsCGr_hsta9xQf2Omnc1UjM34itB6V4Ud3s5U4mr-s42irGOtZvYTvBu1G2Hf0xoxE_R5ETAoYNnhf0=,ec02a67652213bfb822165ce586a07abbc77bd34c04bd9c5b00df557a0956e2d,1976-07-27,407747,North Deborah,ND,66201
1bf5bea63b,luischan@example.org,gAAAAABoADdKO_Q1HLV7urOe2yzWxYjbj-FmLfzGrpGzIvAsLR3--LoKRnGqYojNzba32r6ktWx3eZ_jINoa7_8bN7NG5sPtUqnrCv9XF-KQO-zHxutslRc=,00bd83cf299ee5fe954f70bed482b620d2b32c28b549236738e17a8884fb0414,1978-05-24,614213,DPO,AA,59569
ed35ad8152,lopezwilliam@example.net,gAAAAABoADdKkmIFgXWRvwrK2AINe3paiWArK5or6Mgg-miFX6Bc4bgJI1oKdiyttQWmmcaB5ICTwOAfeCou5t7-RWYy63DhzQ==,b12edbd8b76c74faad630f90b23ab8ced4544baa8b6c3deaf06779701e1d457e,1972-01-16,253241,Lyonsland,TX,58618
30c5747f37,xolson@example.com,gAAAAABoADdK0xpMLMcVeAN7_oIfcAb8wfyLg3mYAt9HSSzCIEiLdBUHXUu7_tl1_DS8NOxCTdDorX9z7LckIJqUGsIi8E_1KErx2EykiFh9O8EuaVjJk98=,460577666a7df476e4438ff79ac944c091d8e922b889310022c3b25027909044,1989-01-05,448250,Colleenton,WY,35603
eb4b1267b8,bestkevin@example.org,gAAAAABoADdK3mifWP791_3KuEZgyTf44pYOgGXy6gojN35TS3I5pRZH8TAhUV8flixF3TiVX_8RGbPdAcldogIKmq06LKFrjQ==,43e4ed2321b94caccbdd1e50a1a1e5b1ca46a17807269473fcf762daec2701a2,1972-06-11,345623,East Williammouth,AK,87297
b4966136ff,williamsrebecca@example.com,gAAAAABoADdKyERig9IgzS6uwqntjD_7YqkPuZJCzKSBi4j5htwF3BZx-bS2zokvVDOOce99M2mwoh_qeRn8aaO5xIrjLgljBVbM_f3fZtcYp1ijKk-UWYs=,f314ef45957eaebe44534c8d4052a6945143bc6e45b53c70cb9c8ef630ffab3c,1992-10-20,910919,New Christopher,ID,39236
c3f2dced96,michaelgates@example.com,gAAAAABoADdKLvRu4nLfkBwBN64WQ2YbbF6xjFj1exNVxlZruSHvl7Nqe29NBw-UexK83Khkzi2J2H9MQx2wJ3wpF0C_B6uiAw==,646d15548a37aec269e614c07ea6e279e8c6c7d1f02dc64e8468c6569bf2f6ad,1944-09-27,839687,Lake Jennifer,NH,06280
564a6dae92,ramseyblake@example.org,gAAAAABoADdKeRcCdDnNhMCjUvGnvgLYV9-SIBpnsH47v5VHyxL9FlfAIrW_3cIsg6lki6_wklSQrKosj2sFasXiZd8kGo9oDGYKEESkVLSguk73GEqUiio=,6e5142ca8ceb053deddde2a0414b76e963272d30d84666858dc80858bc6846dc,1956-01-11,451740,Lake James,OK,10172
1f957e034f,ramirezcolleen@example.org,gAAAAABoADdKBV4RbZ1MISzuu1E0MKnD-dmM1xS1qOAugw_UzoPpo4rTCbqVCcUrAw7UcXj6WrMW6-IaSOBrFx-FqnYqyiVKs8XZudJN2HGRVujA9Md3Fys=,f48295ad5bc9c64d5feacae7287bcd7f34987fb3774dbab8d62893bd52be25d3,1983-12-14,810090,Penaland,HI,22562
1c4eb1ba9f,elizabethrobinson@example.com,gAAAAABoADdKNBZzMTtV-SGllcTbBky3g6cI1OiXKUEyGAlIJaLGiyizl7GXJa0GqAxHjy3aPeQs2BudyNWp5l3AQjRbI3u2YPZGfsZ3uaFgQ401LcN-qhQ=,36dbef7a5330489976bfede64c6db55cdfeafb86bf5529ac8a59cfc9d0a5e15c,1969-08-02,227448,Owensberg,WV,17894
c775ae2d1e,william66@example.net,gAAAAABoADdKok4fA1FplbXEcEOU0BqcPjjiVw9I15BPucoJjJhflk3S20uBpCi3iVPhW1_ejSux0ywooTYhWW1M8hvtIy2QvLjOpGVZgz5D4z39c3YZp8w=,742a533209de50773fc4ffb19378ca108250f5dab38d6b1881564f9b3e453703,1981-11-13,485137,New Scottport,TN,66882
965a1063ec,amandadavis@example.net,gAAAAABoADdKkPpZA7VenNQus9q0XEsJYMyp890vf270PkZ3neZ3x9lKjDw_KEfJaiF4FEHrZmhvW2jNYvb4T6EXqCtiTuwbHA==,b4115f797d7926ae85da88a6c12a667bd32d13eb88e9bd13d6224c188272a269,2001-07-30,986443,South Christopherfurt,WY,51381
7c42417b7c,markhester@example.com,gAAAAABoADdKGyuaPnKnmos0h45JtUqKJl7pTF_btLBSVAOwz8CAL-Uv-GxOVCCGsmQTsp7AMI_Wn8Q9Q2nNsWHiNhA92YyLhg==,b69bbc39f8e1de68a09bd98d8dfb8b32c58357a1e9fa157eb9503b3ce5326851,1961-06-02,305257,Lake Heather,VT,77064
be54e3cb66,brownjustin@example.net,gAAAAABoADdKNrOmt6Pi5S55IATHgC0Aj-B8giy0_tQObws_1-b-a3RwXQcxPA246LasNaDAtuXQGbpjpKYus16EVj4yVvt_yA==,98dac479fd27324629c872285e97d0499d5e9b5ff69d2d1350ab90306563c953,2004-03-31,833158,Lake Henry,PR,78307
8b0491277a,chandlerzachary@example.org,gAAAAABoADdKawHa6EK0kb-ch-s9Rro8SIaKJrPYGH9GVvFvlRZ8tn-gEshFF0DhS1JmaFP65JIbn2p1nE45DB2oe81o_bYodA==,34e2df57c5d6a6599b2ed25b277480cb21dfbc5e216389faeed63eced52e7caa,1973-02-08,699964,West David,WY,66775
730d8534e6,oballard@example.com,gAAAAABoADdKhaH8H_pUgU0z7y5WVW4-XN1Cc6nTer_l4T-_5ZPxH92HhiG9nJ_f46KHJ697psJMHyx-T90CVTmTl2svzUbAK-RKQE8567tG444UkY1Hd1k=,2803e207e76c636f4d7b936cd401ae970e2dcb6f3f4007ecd0629959991f5923,2001-01-09,781668,Annaside,PW,64101
4faabb433c,ndavis@example.net,gAAAAABoADdKpDS3Lk4rrxZIbOFRoJflM_nz3QRuNPFOKxXOmt2zvV-yBLmxRHfjvvI0QFOHNO7HzVWrINKks_auCF8TGmaKgA==,369cffd951884f2ddc5109f5bee82cc05bf2725f649751d154b239df0b57a730,2004-05-21,870389,East Angela,MN,16131
e88f2fb363,katrina68@example.net,gAAAAABoADdKXOTzoOOBfE01FNL5mrF4IOJ4l4vDivJV1FwbXR5BVA1QuG7EwNWUhcOSJhX4-wP-D8mQRio7UdDpmauajjokjk9o-aTV167E4pRaGTkdmYI=,814f485b59680f1e073258b31bd5145e1ac26fbd2cbf7c4cba4b0f5d3ec27d20,1953-03-06,197148,East Timothyview,TX,75534
75728adff2,shermanfrances@example.net,gAAAAABoADdKrZeswpRbzZikO_oXy2dOc1EE0cbsJ-zo_lX-_eCJAI2I5XrB5RX6ZjqqTphnsMq2S4vH3VG_eh1Of_KPQFSaRF-HOWxI5XsKeZ_wpflQQt4=,f1fe75fca4806725b6f8bd5e5b279274a68acfe8c8ea5e796b5a0537ac529d91,1947-05-24,41108,Josephtown,UT,83251
ada94eded7,austin28@example.com,gAAAAABoADdKt9sX1VFDn0eayCuVaa5N2v1kZyfOND7GwHkF5yzeT-lNkqQnc1s8C0LPdulYWQGk8-7RWd8NcWaTvtY9cD0H3DSlpnIktKOZwGlJG82jxes=,96e6f8d383280dc652c808bb6dd848bf32c645bb2ef9dd49e0f9e444eb616443,1960-04-01,284795,Barkerside,GU,50436
2207a3e84f,jacobdavidson@example.org,gAAAAABoADdKlbtvgADRFM-MAB1HXjmIIPsVV-vMEATHKYbNRgL_l-1JWXwyjxN_isrVd6gPvP0OjYyZqGNpWvsX_a3947AXDnDy94yHAOY7xhWPsmRAc-A=,ed0793a0d622c2f46470287dc45584a42a67f2c1c802b2e19aae6c9ba95c5017,1970-06-08,189760,Lake Brendan,MI,64125
8123e5d166,trichardson@example.com,gAAAAABoADdKlNWY81_ut-Zai4wSLGS2KYNC2639g8h_UgGMn-rfCzUqb_eSbircHFbrj1f3l4_HFYKq4HGav0BV-bKXUpjcn_IelwtIDLIovFuVdURhsOk=,28ce5ae5f6fafa70aba2c3e6eab8dfb54366c48e96a2ae84260809bee4b77ee4,1972-06-02,723071,Wrightchester,MI,39566
f1f4fae502,charles09@example.net,gAAAAABoADdK7kBMUcIJvtk8wMCwAAsPNJTG7_3t1R3aFudFFPFsEORvw9IFPT12od0c0fuYP-vNQsW0th6X_n6JAtfhOzgcmA==,04f7d758648f0ac67146c3a0f06481b54557cd43cd49f00d2df9fb3994b7a697,1968-11-23,40823,Port Douglasside,WI,28352
6da1ed825b,bryan11@example.net,gAAAAABoADdKv2eOpSYJlUFgAN9l4B51PMPA1_QdZYMvjp-WflTPgBRGGF23pIUhO8PpXI2UGSML3lvQjzdpdRn8960W_WVUmg==,64c8751ed03f7608939667fdb99e3d0971d3068dfc23efeab452a695f0af2a65,1981-11-09,644010,Nelsonmouth,GA,69187
c95b6f6937,lryan@example.org,gAAAAABoADdKRBsHTaILkc95eiPTiMKRGWVqHgvMjcMIhVCzETWkA_xkRYthovvSYHa3bEk81YNioiX0ffD8IzwWK4x4HN7aJQ==,71deb74b9b5064f5afcd91c5fb87f53706c7cf4225fd51cb1ddc3b9f6cadddc1,1973-04-03,517639,South Sylvia,WA,77273
651c6ec674,james87@example.com,gAAAAABoADdK42drXq3UJ23GZlOSig2TAdNCqvfDi7AjGFbMlVLup4d2aUHCNs9uV3vH5J5P1IVRtIYxUS9Hrpc-Ue2PrXFr2g==,5a2cacf2558077b2c9e3e785674f1b850fb5944027fef9e7189e00e587fb95e1,1949-07-04,322025,Port Robertport,WA,92188
7441fb9497,braunmichelle@example.net,gAAAAABoADdK6xCMj1S9okoEDEqgMAEq5miuvywwaLodnDlt_MQg4VUXB27jL7bd3mvRzJbhhPfn7Fry-XDoTiHzAyfNM2urTw==,34481c9d4cf5cc616641e838a2c2c8c1678830de17370b8341c473a176c1bc4a,1979-12-21,129521,DPO,AA,69263
fd8cfbdad0,brian87@example.org,gAAAAABoADdKOuNIWMWyO93BOhQjoeznPmM-DnyDpZnJo7UfC2m54a4pjE0CusmnZ-VJM3l0nORZ1y6gl2KdSBmHttDEMoVvGw==,3ed9bbb98b10cccb4cc1061857e6f6cc77e2a5bf483a3d3731fae211c01ba6d8,1999-09-15,525181,Victoriaberg,AR,81597
dd5a7fd807,bjohnson@example.net,gAAAAABoADdKHuhIlUju_ylzppaGE47QL3DasSAzgPKJ0gDFpiAqnRWFtowqzNxvRoSjQnsDWTacLdbrqC-YAbvEAk23bPEhzQ==,1911047b1426d52604a58e5f38398edc3842fd045607281bffa12fda58aa4ffe,1957-07-02,464659,Jamesbury,AZ,40937
f7cb1c8445,jporter@example.net,gAAAAABoADdKOZptVQPmeoq5hILQsG02lonkc3J1RkJy_Iu84vPvc5kLhZ1no5QMBwEyJ77rL-POiKJWNYHwpIfgbbQV0G39UA==,6f76a7fb13dbe0f4feac4b63d4a18d07834d0eab6cde08f3666545e1bdc015cb,1985-07-16,339557,New Brendastad,KS,37562
5e0e0ed9a7,charles05@example.net,gAAAAABoADdKbJB88OW87eocwM-sIzNG-XsRQJ0xa-IwFQ4R92sfNoJzFZp0roc33AfaYSFncXrbMeG8RJsnqEPa5UPtxupIXg==,4b54b7868a621f5101f69bbff7d4fb8ff4a400164d4df6822c3a6be31654ea91,2000-12-12,374342,West Anthonyland,GU,77649
a37b688c33,cklein@example.net,gAAAAABoADdKNNoE9oWPtcogix6g4HpKfaGE0CoS08iD79AHllPjy3Ho9Fq-UCddVjwDiwk-v7-mW_TgfretA-vKd9TRtmKeXw==,6c0236b0ae8997898d7293df7c13b9ce6e2476c8c5978fe876da630c7013ddef,2005-01-08,908237,West Suzanneville,PW,37873
bd96fe0f3f,carl91@example.com,gAAAAABoADdKKNPewFkSsIUuhXGOClB8-G_lijeehlZXgaZFaRdaecQmQ35jxaayFbiQDQDsfl9Ee8V4_03bcVEx6oUV2503KQ26aoYDDAjewXbjBQZROrs=,1de066842dff5678da4fbb466eb72c6095dbd2b0c93ba449f98922e7cb08dd51,1960-10-14,823787,Smithtown,HI,57637
3232b563f4,danielskinner@example.net,gAAAAABoADdKvDOPORgL4zQ7JkWtyoBHcR8P_WYqMTVuungglONSiu2iRuc3jx_fs1QYiQFc9DCu1loLTjb2K5u1D7BNBTuBxg==,59b4dcc08f2a146d4fd2eb4282de7a52247b6b59c3a586bc53793bb81e06bbb2,1971-02-10,154416,Lake Kelly,VI,94399
b6628ee9a3,lopezkenneth@example.org,gAAAAABoADdKa5pFnjn1xpBEo7oufhibw8-cvc7UNdisqW2_LoC95EFN29FjUGhOUUR6tiC8zlQu-aLjGQiN86JpfO1lk0hhlik_NpZ4XUcYh5-uq_rqj24=,a96bda2f0f23bd507912f41e0e7892773a66e294603b427ea89dd5932890f217,2002-08-19,812604,North Jeffreyberg,OK,02240
25caaedd9f,john29@example.com,gAAAAABoADdKXSPedMMUb4fWFmDd0TPUM_UfFm2jvcpiu7hgqX8tqDDuQeITUiRSSR3EfZddmQWOAtYWy3Z9TmbFC_XFn6th-6WM7nt7DMDxH4FNJnos-mE=,3044afe61c05a293a8f934ed4708113027a1999a6a82a76ce280185b83ef132c,1964-01-25,341803,South Pamelatown,AR,53629
b5d76964f9,gregory34@example.org,gAAAAABoADdK4Y94j0VsYXlfYc1Wnc6qQjNiiF2_6PfKKlEZi55xh7MVqEF7iVVMRCKfZ-6hNRaXONjx88mIrsuyw_1dNjAh6w==,fda0c9886f87acf0854dfe5c32f867073b14d119d71fb8e03adbdb99b097628a,2002-09-16,408917,FPO,AP,00780
46ad5a3c23,anthonymcpherson@example.org,gAAAAABoADdKZ9bBrZKIlCZ6YGpqIBXVMGOD8sw5V3ltDpJ6DFAN_4Zfwiip_n9XvF5aozTsOCjlN_AbC1vIsV0Yl80IvLLJGw==,925c09f4a8fa80413634957c3d4680ab34b228fa0be5be128d147c3f54bec5b2,1946-08-09,283708,Bakerchester,OK,45840
8ee891638b,robert11@example.org,gAAAAABoADdK0BlAFHHgfyFYkDqAsyAlZ7Vol0swDP8u4zTa-H7ZShJ0K8tR6US9RMjXTY-qYgQdDWQziX4QmO80usKEXGGoEm3ri9mEogGrg-pjVA9PyRg=,09980a8b3e5fc1b50741857c483dc71d29ed7dd60f04be5629b37afb8d853e6b,1984-06-04,862203,North Sandra,MI,38253
b86e6198fc,davidjohnson@example.com,gAAAAABoADdKf-lq7L4kC2Qn2b7zsOg4yAOpCcD0wgVVOCo-oxBXUtjsaSmLbVuzKJZiUfTiwCUOimR1i5hoj5bsIjay8vIaxLdgoqf0yccMjefoAHHfoSs=,2afb22f05c84316437f44eccb91a529f2d08a4ec0d8216cbd73988981abf9c7e,1960-07-17,154585,Vickieburgh,AR,14693
95ca9c2bfa,bhouston@example.net,gAAAAABoADdK3sJQaRaoekWYimCk7r5bF-tAZo-clXpGUYZsrotY1MJ57ZG1qqNdI4M7SkPHLVK-UrKfkY9ThcSynHtopXD-5w==,25bace0be6a9f3b6e0d6b95b89b90f42d06a6d2c7a882e0298fd6a4bc7339fe8,1996-06-14,850810,North Anthony,FM,05794
d411569528,johnrobinson@example.net,gAAAAABoADdKw0aa0h8mun7_T26_4t_hFK8XtrgIpYow7rkpvPfvKei3RmmolCOVi2DYVgiELDJtWuLqTQJvUR4brSAtPEvuu5x_rHi3UpR2Zg94q8Wpoic=,22e8d24924be21c7045602fe6df09ca7ae583cc73a233c461add69f2afb692b0,1977-07-31,19714,Benjaminview,WV,31931
c12aa0626d,ralphsullivan@example.com,gAAAAABoADdKQjrcktZcWvkq_4AT-Ck_MGpBbtPhXz_Q5N5qwIUQfoxbFHbz3xhqz1Pzz1I-Wyzy-iMxU9yaXQXGN2kDwcfX0w==,6a886713beeb660a423e206264d7a4c7a159c3d55bcf46becb9e8333445d40e0,1952-11-03,502490,PSC,AE,68400
d0c30bab09,wjennings@example.net,gAAAAABoADdKHF4D6Hy4938v7rdooxF0aRBYgm8adOAzp6rBxURR8r-x_-5xOMTCSYT9hK0_5SRLn_itR8i_owsLU5t2jqyBtg==,23a89ffd0dc873a219c9d7ef1668921149f445ac3aba7109fc27f4deee2cd056,1987-10-27,59681,Bakerland,SC,52506
10db092167,uadams@example.org,gAAAAABoADdK2cHlrwwekjouM1LHwGW0HywH2_065LjyRa3LVTEePpGlDisVmSQlZEcgek90J5h41jq1IL90Vafn8Pj2tDfMQ6SCO-i20axbm-LwHCacUPg=,d11bc67be2cbad1c2f46e3a9dfff747d41f157f7483900d764570d94f3aaaf32,1972-07-21,683963,Nancyville,TN,29023
75fc97df48,alexanderjuan@example.net,gAAAAABoADdKBxgQvQ9Ar-_w0we01HiYTMdQ63BQEHasv5Y_UUN3IpS8rROjaDEA0TFoKGo2C3sLNMy3aUayJGdP93tUo39XZELCYzg_2dL3GKX9JRKrEtg=,74d6761d932788e2ef9d8e3baee48bf535663ddb2356eaebc5e215bd01b1a8ae,2000-11-30,773636,Lake Alexander,HI,65343
015351a11a,ericalopez@example.net,gAAAAABoADdKZiy4SJXBkysMArSNIZ5s0YGOCsQNtj5N2Smj3B02dmrB4afbSlJXPEhVNOWOTo4QzZee7vdd7osayKXGDKZKHQ==,6bad60c87264d619235998302efad29fa41674c03edba638340b909e342d9fd4,1948-05-15,462448,Lisachester,DE,79884
6d88e84102,silvajohn@example.net,gAAAAABoADdKMLFV9BMRaDh5fTie_b0uXUyveGmf4wY65Bq1GuEYEVbeVd-8NQMiB3S5NPTYJ1_jwkXU9_mLkhq-wTUFhGGrw7wCRJ5e9oGC3KmyVGTdcao=,bca53d62d8b76fc3b81a9f86dc2ef64a53eb286bff2aecf373d7b2e9f9345a6b,1948-08-14,267447,Moorechester,IN,40557
b2c1093315,pking@example.net,gAAAAABoADdKc0Wt4ong4NLonohaWedsfEfrSKfZkTsAUbMwki3yazWIOVw6nPW3EZl1EKz_ANz9mTbzvytJar-zP4-7fkmTPg==,b36ef364464f14f7df745f40b2f2a940c86f7fb4b2db66a72cc2a3f615b36b14,1967-03-25,852376,DPO,AA,44684
90213ec50e,ahill@example.org,gAAAAABoADdKCCHWJo-mMMzJVYmRI9lBz8mVoXvfYU-nVWjtTqKkxomH6HjgY6DEZjdGaEdTVL-5oF4XnkOuu1DI5N_9EbJEwQ==,8442e86a5a1aa579a55eebf451834470a7d382c985404307bdc91118c5db49e0,1951-08-02,323797,FPO,AP,91362
3978e50058,colleennielsen@example.org,gAAAAABoADdKNo5h0yezGosX2FppMSAyaJsOGu5CnwJOEutBnbzRMHbhcTw2e0fWTN9Al8pRDHueZlr3nvsQxqfoSSfbMF4CxQ==,01058f117242aadb35d26b9874bf8d60902354608d646daecb3c4512f6b3e40a,1965-09-02,340075,South James,WI,04492
acc8426f88,freed@example.com,gAAAAABoADdK-9xkdDGmUKv1v3G9dRF3N76v6a5Z4V3_udPKfA7FsAA_5A0KUqZ_K6QLbSXIPu40WjUqb9HqpoQlRoJH8uJDKA==,f2c4240c823d71e94a421d34880df5fbc81e67849c9086ebea674d2a5cdd5e89,1973-11-30,641459,West Gary,CT,18513
c98f44f3cf,steven99@example.com,gAAAAABoADdKYiHWqUU8yJl_O_faCdrLyb8Y5SwjuC8XGbiuWf_oGfQaqVOyL7rQfOaTd_ipypgdehHqWn2UIQ21qkh5At38rA==,938adefcaf60eb1ce48d3ece2665e9a07e3ab8078307ba07f4f901b33c92d035,1995-10-16,8282,North Stephanie,NJ,04299
9561d78902,halemartin@example.com,gAAAAABoADdKBhd6qDG9k4BzvRjZryNd8e6F0IogNkQI4frghps1vUKoj2wyMZ0dLRTIcB2bDzfbiOCivTQpnZWjE357mW547w==,aa2f7c8c796d7ea5117fb99527fce6ff69bf0175b8dccb584dcfe43f6518a71e,1953-01-20,601113,Shirleyside,MH,22501
80369abd5e,alexander01@example.org,gAAAAABoADdKAk7LL41o2Tc5-4gb3nRVQN8KEJdr4J8a0_UuyhL4BVDkPgrrDSvLnJ5c3Y8_dYUkm1rzmO8TYPBCf3jvvK4pGg==,563c2fcd21cf97d76584ca890f6fda714c3e5d585e1f6e65c6ee9012c334deef,2003-10-07,32503,Randallberg,DC,66250
3e0e7521a1,khorne@example.net,gAAAAABoADdK2f07fYe1xjDbxJCQczjvfI1JYM6hCg8lAX2lkU04sJ_3SshcINPz-YaAJiAWdoZJHYjs-xEKEC0m5QjCtYx7PQ==,4fa742e75de1aa9f1dbf123eb869f05996b46ac554b2736a58ab4f0da8b9e5b6,1996-09-01,952853,South Robert,FM,07678
a994926129,collinschelsea@example.com,gAAAAABoADdK6XdfsZn2z7iCNXBKEW5VmtBMvjXH-9U1v_vtfbA98gDNh4iXV4DfYfXv1JzXq17ZOp2YNURpN7gX6IE7mW_IbmrUnu1Ug4NaO1aZxgcS5D4=,28cf1c3bc46315d4d2e4207eeaf260e621e9e5541cb4576d5568cf6268cfb3ae,1983-04-24,877662,Lake Haleyville,MI,99851
bd4fc1b542,deckerjennifer@example.com,gAAAAABoADdK89kHzblC1yfe7oufcdAP0Xz5kVAztKlH4pMUzd-0XpQVKELgB2SfDZD3LTXAzFpXXPgeQ3D0Ha7Umsh7nNhkHQ==,ad7b70b03ccb8c2f3a5a604e7e0fd57bed742d5125742e1e05d63c84449a01b7,1982-10-23,829895,Amandaland,MA,51685
4d882f5c14,simonalexis@example.org,gAAAAABoADdKCS1yVS7GhskpoEWkDuTIs4G35YeIvQ-0iiImjeYT4aUikLi3gz6jJd-Rqo-JTPG8aPzhE4XBtGMphnwe7G-1Ug==,81599a6c15efe2223f908f1a1e781d3b50f19807ac16856aa5beb12ad5ec88b2,1992-01-26,514134,West Alexborough,AZ,67132
dedb086f06,cgolden@example.net,gAAAAABoADdKpJC6RjBnUoRALKiwbP_Syi-sNZ2vTlfINg_RLYGLDViGvcg3-rEdl01B0_dWp_F5lu094u2xPXnPYuP9RCIED1Ivgrtg7sBGOCABFabZjpk=,e55ddaabc1ea0060c2f5f0ebd09f16cb22eab7758af2ed9991a77a66300e7de2,1962-08-27,482513,Brownburgh,WI,38989
3af9ff9850,smithjennifer@example.com,gAAAAABoADdKGrzBCV2I2gUO9XKK3a42UXOqxdAxQGys3Z5xg-XAm5KDvb3nHDPmypo0l0uhAykCSkPu3KVZ2frSSGsxVuQkfA==,be7ecfc51545433b8b499be4af613a4a63456de1762055f48db3f97bee9aacb6,1972-12-12,960358,Wilkinsmouth,WV,86296
b54d9f0467,carolyn09@example.org,gAAAAABoADdKIB00mc_XJT2LXzHmhaS6XzoAs8zp45S_DHs8aiuhycrcgT-zCzXEfSLr6eSHt_fLWo-vczGprdvAT2Xj1gfEOso5QiUkjgx-qnUEaWqT1_Y=,0b765a6613a662d455a5c0f8c89dc80498c186338a2a9575ce651a8be5b74c5f,2000-07-31,990430,Port Donmouth,OH,15741
ee5d792357,vfrank@example.net,gAAAAABoADdKU4M_v5UPUjRudoamx5dmqTFdhVzTEBeo0M29iPtO2XMI18DfI4hosV5zYZTjk5WrVle_Eu5BqIjswJp5iwBT0g==,378a82fb9a76d4774fc77cb92b8a61d8a6188ca4639a49ca0fd0d65ad564c37a,1949-07-01,604836,Jonesland,MS,43408
531978aa96,melindablevins@example.com,gAAAAABoADdK12sDjhifu51e2AjCoYpuj88P4yO9rciVa_YOmy9tKZDBRxuCTn9J-_FWbfkd2AomMBh1xZ6-6gWFGZjMSzKV0wYxuBP2Ggyg1kc6hN9oGVY=,439636d67d4d2bb272d681090f0ba09133686b87ce7fb474ce8a43ce954cac3c,1985-01-21,470628,Bakerview,AK,58343
c0c8f41706,natalie74@example.org,gAAAAABoADdKteq7FDIxbJGUpoSCuYHR2faK9M2l_v8uc9kuEMSUFWw92e6-dGCMoDIhv_1PYe8g6ILkDWSue__7bmzVZIbW8DJXFLekVZ-j7G1TUTFONQw=,d7cd45c3090fd0b1cf86f3db28584af7147b39d29a592bf14bd80f756f78153a,1947-04-08,156173,East Barbara,NY,93254
585717137a,llee@example.net,gAAAAABoADdK0xBazk3R4-j-e3u2qvgLPWTWW0ic7UuoIWkhH8NZGiifXGcR46WrtHDJtEx588BWp1iURDbycGqMFzuZf8zhWA==,286860a87cd459940dfcb6fc7a28c9292c816df0ca5405714c5ad4caad829077,1961-04-19,710663,DPO,AE,21787
2b63d92b1d,lawrencecastillo@example.org,gAAAAABoADdKoFMg_E2ZoSyEeiQTuCiKAVv1H3cZS24ySo_gx8KNBIeoSJb0FKy-M19nohIntLUHNAsS8O7uTg6qPrs9Xw8VkQ==,9c7d78fffd4c911becd142a8c42d1b5a3582061248be7170a2b9b004f35b38af,1968-08-05,91546,North Arthurchester,NM,43666
c2f5e6d273,jackie66@example.com,gAAAAABoADdKknot-CqT2vXzzoHUWMypn-oTybVUL_GByblJaJI6NFFvRAVCgzHmJvvddaIWIOHQxt6P3BGzR98-bit7IS22lGMIhj_1sVq1E3Hd4l-6QJ4=,aa16adfafb47d57ab386034341392aba9a180cbceca4a62c24227c33beb335db,1981-10-24,27214,West Tinafurt,FL,36368
9a20a96e79,andersonrichard@example.com,gAAAAABoADdKlbOCMXmxFJHZDV03a7eKSDyuHlCAv9C3UdZeDs1UWZgEUax_81_bSALtmBLcaQb7BbSNJOmkhXDnSkb_s62wOMKpbFy_hiBxzTp2TT5Mmtk=,2cbedbfb9036d1e2439c2696361858e22541f38c4490d43b4f343a46b35ac78a,1978-03-15,690154,Valerieview,NM,93737
7950b7d2e7,iabbott@example.org,gAAAAABoADdKzsmXZ1PEbdiQV9pUKIBbCJoT1E0avJ7pYJvVhKG-NYrjhATjtLSNTq6EzsSt9fA3JZjNJWf9wE0OyKHlE8Mirg==,40d895e6a2196a86000cc760a5a48d7d737182b2e76864a87e7f1dbada98b921,1975-11-21,478604,DPO,AP,61300
e040e45c34,madison32@example.org,gAAAAABoADdKKgtsFxBjd0VmfB0D1egAzfF9eD2wGN9pyFeABTx7ccHExbISrrNJSi6AZgYwZe5jF6LeYmszMKZVV223idHgZCI2cc4I3tegJfo_THKrJVc=,0557d83a27daf2bbf82094421f553263a1fd23da66100fdeb44ba62f5b74c739,1980-07-26,230008,South Jack,FM,87194
6da6da210f,smithstephanie@example.com,gAAAAABoADdK_cn_sJHv0H0zOZx-tb4TuV3zq7Maddc4uXC4aG-eIX1fF6OoegOUkME_sA__ve-qErQE6dJd_kDSVUrJtHit_zHlbadzaPk-WfPRmAbAE7g=,e327b4d05e24bdeac712966a437aeecb91153dcd27033f1914669d792130cc04,1944-02-15,720886,South Jennifer,NH,21223
a43f08243a,gwatson@example.com,gAAAAABoADdKgv419M-u1TJDNKMg6GDeswDfFMcvL8wGRoLp98aEz6C6DswdAXsF5GzpJcM9nvE7WT850oNOi34SwK-9GCsA7tZlFHYHbPMBsqIOBSOFoOY=,c749e015de3b545c6aa88ac3a0dd94474d497a24a3dafe1942e10e79b69c95e8,1951-11-18,471064,East Michaelbury,MP,25525
f1f48b0413,tyler33@example.com,gAAAAABoADdKNeUnmhCkoHUno17phhceK_qMjUmeTdxUUGG_IrgLsVY5aahFfoLW5ubguBJWy1COwQS6qMfe9E6XAB6prerkTCwIGWi3o_EX7Bs6xDT_lmw=,941527ed8296116e0c01697ede759665d3144f25db80c8daa3cf8abbd4dab32e,1998-03-04,700400,Erinview,WA,10224
e089149c81,bowersdominic@example.net,gAAAAABoADdKq8GwHYPQzgF753T_VTnZrToxe-JCvfD21ExSFEkWLLzQRHN-oxRAMN0xTiWLzlmTwlmnLeeG9WMJy0id_vTrNm_gaN3bHeA5hPjJqVmaO9k=,8945d958b66745172c4c0cd913d6ae6895e444a4f14ec02547dbf5836d2d8ca9,1961-06-18,497341,Hallshire,GA,35970
d3d24c5f09,evelyn08@example.com,gAAAAABoADdKJeb24IbEU7iSRLdk3hWyhnh-wQtmAQKMSOqQICQ-kpXhcjRlYvC97xL66TPZobrTf2HToDUS862q7uFG_ng7ig==,cefd781856e260901524dff0be5ec51c980308e8fcf7c8d64a4eaa4c6d2b1dcc,1983-07-28,573398,Tracyton,ME,70104
b0a20f663a,zgarcia@example.com,gAAAAABoADdKr9h01c3_EPsgt9PblX2fWQzdF41DgDDjgtMQY5TfgJbvJU-YPTSThM4NX3zwBRlB5PpKu5JxtajTzXE2yf2nEw==,1cdec87c702c573989320ab3a0674ea9164c073b10f97d7c4b1f033a41b72768,1963-08-14,989854,Lake Christopher,CA,41484
d391023fb8,hsmith@example.net,gAAAAABoADdKN18QCvYJCewbl5Tm9u23zbeZHaOjUWkqUBrhJDPZRFfW5pJwjss-UDkBVhKcH3jDJSGlbwIj-uNlzvZIQyANbEkjE7we-koq8F-rLvo41Eo=,fe8cdd51c6fafd23b2303650af2716a994ccf7b582ccb3bda0e38b6fb748e2e0,1952-05-18,477312,Leeside,MD,39822
6a42a87c9f,ymoore@example.org,gAAAAABoADdKD-NOUZnoN0nWoyaGn0wweKvLtcUReIGHrt2yTbScHCbyRzWJ6jZ7DeBOnS36HzXMGQrPgYMxGz3vnF0bzevow22o5o-rd2OIipo2NDNFhbY=,4e5a6149a8cd5ff8aafe9a730a98a370169fb26ba6dff441542cc50cb49f2c19,1962-05-22,210367,New Hayleymouth,CO,17696
fec2b0be24,moorepeter@example.org,gAAAAABoADdKE2k12kLSATGPL5Uv6eu5y6Ha3a166LWewKaTfWv2dVx9Q8twQJD_H3530-WkTFiWefmP5yF6XBQmacwb0Si96g==,83af1c8cc64d334fcfb4ef696965f0478afc36d0f4bb32a9949ea7959828124a,1944-08-17,170303,North Terryland,MN,86045
4324d52c3d,deanna06@example.org,gAAAAABoADdKqG_KCA0px8GroO3JlhE6wCPUyeMNIxAbcWEYrzLyIE7w4uvMsqtpzWGhW0NwtkVCFJY7OpnnJ0CFYgvi9tM4qteyx2k70u7YDoTJag4cNzU=,bec963052d9e0bfc73454d66a0d165edea1af50a931d80bf40351c893472eb4d,1980-06-11,70515,New Tarastad,MH,83274
d10d32d4ea,jessicaedwards@example.com,gAAAAABoADdKcfVeIHRR3RTkDJrQtoKgXZ99Ly_dhxy2BbgiOL7Xj1DcQ7cTwUimMgKqqQyHEC1R5-_t0szNG2jPsw1FcvgUyg==,9b78a3642eef044c340e519f90752c2909378b954d64dc13f47cb27c3b3385ff,2001-10-27,584895,Taylorland,CT,97233
7392f27057,johnstondebra@example.net,gAAAAABoADdKPD2wdznCgozBk8WuxTt0ztpWLhxrx93F1wXUzYxi86l3IBcZlqsS48e8XlPzzek8i3ZAMDNKKY7-0SWHUN8RaA==,659c510bb8286611fcc1cc94efe67f26dfe4fc968b9ff2efe7e034b63c9c9456,1981-04-07,171064,New Justinbury,NH,25549
b187c185b6,uhansen@example.org,gAAAAABoADdKLotek4Lu2DjkLZZiVWC4lObTyf4DYbI3dDd6AithBIffxTzxKhkosbZQh6IBbjYGRtrF3El-vQffQ41XQvb2Dg==,363b771e51ba07bf6a93a75df927b6cbcff351acca8ecb8333ef6cde216f45b6,1985-11-26,273148,Rodgersberg,IL,66932
23c0b95975,michael88@example.org,gAAAAABoADdKBBDyvRJjL3GzgHQaXTA8klKa5hPY0N4VT7aRkiGd8IfRFVn2kcyqzKNmSxEuaZ-Zo0RLQeYyGEb0wAiLQZSOTVRpq1lWsw4H2R6GG6CO5pE=,9a56d270f5cf99daf611c1444ba50350b6e97dc5371b967321dcd98d5e8e1ad8,1957-01-04,908703,Wangview,AL,26171
ebff3bbe41,rodriguezsheila@example.com,gAAAAABoADdKGXNLEzSO2beLMdZl0wppDhr0i0VLjfKsRLRUxWzLmZlYlgW6iTdcjaklcOwOQ1-6ncgPuOtIlijqJZgbjIDzwg==,5502ae68fc3c2128ec738bef02c74424fbe086cb68633c79ce54455939bc0d60,1955-05-04,135081,West Laura,VT,27588
11802b574e,shaneserrano@example.net,gAAAAABoADdKIttH-0UMKX-HN3XwSBH10Tl0BjqJT0uly8Tqc1ynhsH0ht6hnlJNXTYEaMfXNJMBQsJPtKwv3kb-DUrSIIyV9nIEKzRiu4_KwO7Gzj_dl08=,a004c07253b0b6db68362e8674fc9c104f8a1444c0b59aee170429d7bd5721d9,1976-01-18,893305,Margaretfort,MI,45768
2019c0522a,smithlouis@example.com,gAAAAABoADdKnd0HxUxq0F99brARKCGLLk2wFb1lLV0ScTrROWlRYTC_iCfqNoGssSasaYP6KYQGULXbgA-P0mPyRzRcbHhr8VRQVsyO85B2hQXMi-CYCBI=,c5c85906b8c7c0d100c8ed5ede1e6db7ae6138bcae2785625b3ec2359990de41,1942-11-04,89680,Lake Jasonland,CA,71180
61c0450501,alexmartin@example.net,gAAAAABoADdKqGsyU5OFOagcM6tv0t-rqvk2G0wAbgXvStY3Fw_mL2gHtp-j6lMODhlq_06gOlghQb_dgjEpxPgADf1hR5eTcg==,48f297d8a6559d8d5016d6a9315df56a6174ccc2891328b029157fa66d8d5314,1992-11-13,163792,PSC,AP,64945
c2c6ed74ae,mitchelllaura@example.net,gAAAAABoADdKmgNnq9oTdPnOkw_6UYF4mfkSvDm70upjhHWkMSGo-LXyXRFdJfuL6H1LGIHu1hr_Rg0eSnOpA62d6BFGUXIZ6w==,9366860fb1bf002bc64556560270d43eb3bbd30641e98756249da3e094c1f014,1998-11-12,494851,North Alan,UT,32350
f52fbce761,chris75@example.com,gAAAAABoADdKU5Ct2BUApmrdZyn-Gtge0d26w2B-UmcoWiecpeb-gJgZqT5Vqr0FxLLiMoD6oJDcbHxMC87AsU83qDW46EaioZfZMSYxXbOF1lIDhtdV-E0=,968b2999e544f5bc45a6b60df13f6fcecb5bb0127f80019ed3e47d1b5803ad5a,1942-11-27,401394,Parsonsshire,HI,56430
cdd61c7a56,christina79@example.org,gAAAAABoADdKdZOcFXd4XTBfuYk_mlfC047bj2UhCWLXkSU7hpGXyJPtEOQOgox5ec1K9zX6-RwwMBV9ptyfygIz4rOTdKaUOQ==,e0af1435f176f7a6818d4dae6bc883cb8f69704296c270aae86a527b7ac44f44,2001-04-26,258912,New Kenneth,KS,77698
d35cbf000b,marysnyder@example.org,gAAAAABoADdKTohyqxwVtnbT-A3gQuowePDScuioiCrCwiAcm9bpnx9AuLP9dYFeQScW8MjUcprwNsPxDjqAkfwdPqrVdpiCzJFu4eCODne-HBGU7Hfl-vE=,533fa79b5b98b9f946bc9fb7ac638e834f0bc285916ab25d5de241ebfcd83878,1958-05-30,570706,Lake Don,DE,14367
14d08e9596,smithdaniel@example.com,gAAAAABoADdKLJWy8pXqKucWQCaWlLrpM-4h0f7poV0N9ieAPcQJVvubtW4ntg2QZfyL8n480fik04mq7MtQG6o1695u7zlPJw==,80cf85123c789865ee087f4a3944c0c0f54e3d3002e71dcaf98485911f65ea9b,1968-04-07,135215,West Albertburgh,WA,30894
9a2487a8bf,usaunders@example.com,gAAAAABoADdKpbGmlzXhDjiBTwrAFwWvwHso2kT95PqCQUvMJAjUDQcd3oM7K6DBEz5BhBych_I_U7P0MX-vCezuMhjpXyBlHc3Wk8aSMZVmKeXlflQj1C8=,5028f1d3d67b2e3e57e227a53b9eef8417e449ef424bdd6d6159ef51ab58fd4f,1969-11-10,249302,North Ashleyton,VA,87818
8f93db7fc5,sstanley@example.net,gAAAAABoADdKUn1QcaJfgsr8jwwx1gaSQpJLFO70ZO3UirHUmWW8_M2UJ2gogT1AO3XB08Og7hFMl9kSHGMSh6mtz75EyRx3a2F8g6Trp5dMTKDxM1Rmm9g=,6be31615f0dcbfd18e4fe0fbc84c2c79a0ed57c49932a0e02ee71ea061b882c9,1955-04-27,345543,Jessicachester,AK,06046
a7e1e9180e,jennifergonzalez@example.com,gAAAAABoADdK5Cymz9DuvbuJDttMIAu78QgYArnYqbpmalYmLsUBkruB0YoOUN1zYEtaZj1JPpUoZHRp4h8fzQ6wQenIKJvClA==,1c880c17a6e175992480a96124b19587b5b1a903ae3cddb12d163f1ce41d8425,1946-12-29,631429,East Timothy,GA,69375
d80916182e,ppeterson@example.org,gAAAAABoADdKFmbGEYMEsHO4JoDksloivJZp2yyfjySaCpqXocx3cBnnhoxVix74pM7AYrWg0Y2ziO1pSXPD_k3SDDGsIFY-W9qgQO8jBGsObdKZEtHolRQ=,6eb52b43c6074e38305b5fb991885974030c5b709918e89e574685e813adf072,1981-06-06,424041,Carolynchester,KY,17382
ef89a43fe2,katherine38@example.net,gAAAAABoADdKyjLtqVIs7Ogz6YofxTtSTqNEIgHMeMsEsNhz2Cs52mL5r_BvK74pwAq0thQYWodk_30LajYH6Ptzld3QZP6WYw==,0a8ee78780f60bb614a1a52b004eb0b43c80d537699ba336da31b35ee8544eac,1998-05-12,947886,Port Chadville,PA,25383
3cdcbfd06d,christopherlopez@example.com,gAAAAABoADdKVood2KSMEUsMqJo4a0U_z3QyRkLBexAHKrz1A1GOFR13jC77gMbD-42ZA1nDYP6D8Cpc6XX7KdMfXJfQ61JHZdNF4jwnin1MP_W079gJ0fg=,f99822aff84b0d4a0237d299195ca396d06c8381ade88227ee59a6a48a056071,1984-12-21,513740,Gentryton,WY,38545
5178f8dc9a,brios@example.net,gAAAAABoADdKJR0Cf-wSseqIUba0A42XXQ52goQA_hp0a-CaDgDxaLjBTetlPaZJ7ElV3RM52Jx1Qn8Rghp2UPixlHDavXrNwqcgf4J5H9EoVln-0fGC_mg=,68dbd42a224e6c5d35592cd5865d108c6beff4f7e0a87ccc90d42b12164d9e93,1987-09-12,632554,West Samanthaport,RI,60338
1c2a37b679,deanna60@example.com,gAAAAABoADdKo9y7k5kWyKQ8QSmMw4F4H12w1yNDNGHx-Lik4Ced6VglgiT7LAmmw8k3ZIZyGQEvDgxmkLDRoUMT765DqaQG7SKTl52Hb3DO_ApnWqxO2b4=,a83e78da14a98d249ef1b9359d2a0a4e1acacb3c0cf3d2c8dae018e866f4eaae,1952-05-14,41408,Port Jennifertown,NV,19337
5b572e6dd5,jasonhubbard@example.com,gAAAAABoADdKCdfWvzpwc4jLJNRoW9zUcxJd7k2Kueu5-d3rRGdOHhGTS-1bVTAJLX_3J801fmcIE3SNqbEwFeQk6grbmr9GVg==,f3b2a7058fa8f8b2bed44e0066a90b65b0b03f048d366c639c944ad78df2d4e8,1958-05-08,14745,Lake Omarside,CO,43379
f18fe010bb,robbinsangela@example.com,gAAAAABoADdK2OfB7ZR1-8g9m11-tZ_lFpod9mzTP3s5g6EeYXQ36oL4fT550fLQAj730ObfFUh9vSOjq8IWg_cDZRuqu7tCCVw_998hDMccelQlGyXyaro=,71dcb053841cec09a32868bff7ab82e9ea74792cc179822dc56e95214781eb4f,1986-10-25,280852,Port Jenniferberg,DC,17066
41e21b99b9,molly12@example.com,gAAAAABoADdK-CA7zQfcFCJPuU-RMmJfm5FDUbPAba-mPjC3JHHlt-LO9QQWJyxQ_mqEQtheB3O6IhHbbHmSxYErOi1qEnHgaVP1iRYZh6XJ8FvJfV_24PE=,30aa490651a3de341760b17383b963fefe80857019694575df4e9d992198512c,1945-02-07,846709,Port Kelli,FM,25848
b164ceed48,gonzalezsuzanne@example.net,gAAAAABoADdKTiBwgGFpk-_KUqXqzknWBgnvJYt_XoEyDRylOV7vkElIff0_itmJomfMJS__KnMOeZnba7csCD11OgNVtoA3tPoRT_4U4nHzOa2jiQrdV9Q=,6318c300fbadfd67a77bd6d0acfea021278767490ef5afe6943173cabb73758d,1980-11-10,730259,West Rachelbury,UT,66133
17a91e7704,natasha77@example.com,gAAAAABoADdKtEcORFzLyLCETfui9nEZudobviJcX6CitXUqatM54A4bZG09NiHk8MkRfn1vcC1TUEhWwoqSKXqcghl-GsOw4g==,222db2ff17339a2631743af0affdc79829bd5c413a22330899741003b821eae6,1953-06-14,15843,East Jacqueline,ID,96088
e84fcf2f32,figueroaemily@example.net,gAAAAABoADdKxV14-IzdC4uisz6ukch6z6EiyDtlh-IG9IXMi7xOHhiY-eL6I_RzEl5sYCkOmAo-tWEwkzIUWSCk70AGctAIVg==,106488e0b963b324f4b8129fb6a7ec1ac8087b3151c6aed8b3d36108c5d0cab2,1966-04-02,903601,Christopherland,VI,65495
022fe4c50c,sandra62@example.com,gAAAAABoADdKPocdnZpDXM-TC7IZS40LPtam4Tz98wtmtpcUMa6rTnaqPht13-Ok32wGL_yKeCX7lBLRSs65eL0YYd1FCWuIXg==,ccfafb124001534d2a163a3e0403f8487bc98fad27276e858f3e9f9ed657fbf7,1957-06-15,731469,Kennethville,ME,46952
358df2d7f8,aaron81@example.net,gAAAAABoADdK2BWHwVcLX0J5a9H9ZepqzTMvEpfB9NyA6ZQYi3PjaVVvLrPtqMXBtF9Ws0wKjS9m2JxC9MyFL4SIZxoehgUrRjthhP7trLtSugvY9ljmLQ8=,96a82611d439ef048d0461e225203ad80a7578c5a8ed9952b6c88f5d06d7d4c7,1997-03-12,476125,Jessicaburgh,NH,03365
cee80c8d63,stevensstephanie@example.org,gAAAAABoADdK-O-Zm689R6DkJACj6HWpV2JAry_mBN5MEtUa0uLGu0VI8T27Ev2Y4I_A81jiy-X-kE962BcCuOGTa54LYKWbFg==,cbc9d9d3d29f1ff5003d6b033403b1d649bd9d94b85b815e52ba1b8fca8a0dfe,1979-10-16,928885,New Tylerchester,MO,64824
f446aeb234,edwardspatrick@example.com,gAAAAABoADdKwoUvz96EVhyPw3lD3eJzXW1J1PdfCwgNbB3FtTC3R4Zwiwo9eENb2279UXjmeYAmlysGvXA-EArAC9h1t9pTUw==,21f7e7f43c0e5a029b34a07bf6282965964cd1fc3e8cb5bccf87e4815bd9958e,1949-04-21,683009,Port Jenna,MS,63938
64c684f5da,richard96@example.org,gAAAAABoADdKxy88RhDpZAfPRGk6WDpxjTF4iRsdIy81mTaWsSWp2KmOnWYaTqDmH2hTDCCISK8DuNKaxL2K2lR5JhFAKTvHYg==,3d117f62f14499f5fde2e833a826efccf308e8f0886a3cf45d1ab7e1715ec952,1991-04-11,176751,Juliabury,PA,68620
4020864af4,ellisnicholas@example.com,gAAAAABoADdKA6Od4f9YmpKyNUbqt9ki5nEKL_IUhRQAbrQUeacfTHgE84fbT3vSY46zbHHAe4uEJvMnXg9J-cqmZbm_Wd72oL3-_JRbtCClyCSXzkPBR5c=,112abc66d650308822f3c3f1bbef0d748636fb6216f282eb4e46212c0ecc7ddb,1951-05-17,321844,Davischester,WI,62736
d62091e6ed,stephenbell@example.com,gAAAAABoADdKFQokuuBXqrbNtnatKF3v8h_fNWq2Vn5OYBXhuYL-x4rtsaheGBXUGddKDGQVVHF82gEejXjXwfYYeL5N4med0w==,432a867dd2a146bcfe7fa42d02d94942b3ac20090fdff55e5ce534beeff3a648,2003-02-18,420980,Baileymouth,KS,87444
ada2a3393b,ronniehubbard@example.com,gAAAAABoADdKvMiZGBtVOimpuTraM4K1OffWod28nBq_OOhGiH3GE1N7GG7c_PZB7nyNPjEidjdiwhnz_fnJRiUZk63vNxPB8w==,6765cf6f306ffa848f750ac2c2920b657949a71ffc44c76007fea3fa1804704d,1984-11-06,901556,Lake Angela,KY,28251
e201d95652,mckinneysara@example.org,gAAAAABoADdKJF4P7CP1cnJDTNPukBb0OxXBXSUT5wVVfUBLoB2HoFGbF7OnNTk9dbT-S1gQZAncUb4cPdY-FsS_YZc0_Wy5QQ==,a9c4c11db41e376f08692e8a721bd36e6112bc8bc8e22ba81f4ee724b9db6690,1956-05-26,479336,Port Aprilbury,WV,54588
9c1f9c98c4,andre46@example.org,gAAAAABoADdKFGjulDo1M2DlHwxI-M8t1QN4stpJ0Iuh7CefYqRAHCYVjMdzZ1mIhl0_aPj10jIosowxEYIdZNpBZgKkBTMt_Q==,7fa6b849d959c96f35fc3ab0640c98fe9b04c5b266e3ca631e9892b387a061b9,1989-02-13,663983,Andreafort,NM,28685
6c02e01248,courtney84@example.com,gAAAAABoADdKSRdmM90aO2Dik8KKPya-GFhwi4b_YvRunkpwJZvTpsoTyzjjcqGer4gWj3bh-kVucGZW6mzlaNsFWTPCFWy-Xw6-aQmhWoidTKnAlKDzzs8=,d6e7280a1af43b756811be9f08cd18c1180d28f3b660cc8acef71831bd025666,1998-12-15,873928,Ellenbury,PW,62385
80f0d121a6,jennifersmith@example.org,gAAAAABoADdKv9X7xzahUG9ORJ0OAIllvo-oNcJ_lopgkhYlDCwWs8jwFu-7P0OB77tJSzn2H0OQ69gf6HzwBFn2MO1eeXRh13RYwSpHRQqkRqP7OFZ8naI=,4dbba3bedf24de9806d44a720761a3b322ac54ca23eae09a0681c2c5351d5c75,1970-02-12,861189,Christyborough,ND,61162
bdd4214f8c,galvanlisa@example.net,gAAAAABoADdKTWzYK7J8RW19TbJOqIMm8mnJdAXnx_GcDJM4XSK1EppuI1nPM08Kj9XYt126l_wRQDpYjlRCiN2bGEr-tTBwpw==,94e086ec2b7004c6ec8d9826a15d0600232af4248b983b085fcd38f3b52e6cd1,1973-04-10,349368,Jasonfort,ID,95943
6611b3be0d,kpeters@example.net,gAAAAABoADdKcfEXFunyQsOEwYS-M_DpN_0hsyqUVG50342rpivH20YjhpMiUhy_UThAWPKOzFDZuRKUYQKUF5W4_VAkFejogIn8hNWvZHW69sOvgaftqvQ=,c0f170df4a47ddb2d5dd84877b19d9712719ddc98592f0c4b09c38e088c183de,1948-10-23,525141,New William,CO,29247
f9d832f512,rdavis@example.org,gAAAAABoADdKR25ACtCvoLxKpKvDgedwtJ0tIuUTxac3SsjJ4eqCB1yzvuTT0XqS4xm3HHnJtdlA4hSvAGOcyyU8PYcZY13PBKIbVN83h5YxgjH4e_sGOic=,c186effe8f848e78ba89536eaef3e3c6a49e33166f67cf222c3e97a6cb341cdb,1965-03-26,109311,Anitachester,IL,92908
fa49dbe814,griffithdanielle@example.org,gAAAAABoADdKKlmxfw41oHvAWaSyTZw71Fj1c-_Rh_JJkc8HgMdiCvQr7ibx_cCFPVnTsyyenpMCMySp11HoaCkqcz3MTv8AdQ==,09596a751418e16883ad4192f7296aac01858144ad55f12a1fcd7af827f95724,1991-05-27,402282,Perezside,VT,63033
a2e51e9827,thomasmeyer@example.net,gAAAAABoADdKSoHgMIDSX3s7MobxvRpn0uN3NZJxFehInVfKoqcX85TGDwYrfcy23AuqE03Ggy8h_Zrgm3vqkTBfn6rcS5vYJqjWiH76sJxGnY5fmqJkGBI=,df441d948b5fcb5f2ba5612b586e41c7f659126daa0864f9cc17035077d39521,1988-10-27,877533,Campbellberg,PA,91998
e470d72d4a,wendy50@example.net,gAAAAABoADdKJq-nuLzlEV5M4CKqZOGAwDU03HLxhI6WRgCoxM74111BqIVZ-cie_VFg4BbkDF6ihVGhd_VQ4Ezv_0FAqc70pw==,0026681c4840646d0fc3b93756e8445a44465e892aa83e34e19a0f1911c74bc9,1963-01-16,273777,Franciscoside,WV,66788
862d341bfd,gregory36@example.org,gAAAAABoADdKIUOJMs8kqe86dytT-6wGWM2lEUZlSU4KrqVs47dhRZsjFvDvBOTa6a24Lf8yZOcz5a4dY_HemvWDTKr4bSxu16M89G88wnykBfCDE_LRofY=,158ceac4fbec50d8caa52aaeac1d1b5e469e074c9be889c816ebfa6166a060d0,2000-12-12,503244,West Richard,ID,34642
e7048a78b2,browntravis@example.com,gAAAAABoADdK2cMsmROWHZWpLyRQhjwqXGWF3jRFQniEHlOAxr_uKzb6amaBhZ4dDuIF4rW6cgofH4pI4C7HcnU5MQh9Xmua8RNtsGccWBGjV2Dn5mnrkPM=,3bfcc0f81f706c91879e184525b51c56c6284321ac0b5a1c727ec9f75d4be4bb,1958-08-27,140706,PSC,AE,93401
eb929b3167,stephen90@example.com,gAAAAABoADdKU7kxfWuNP0zhdIdM7yF_Pn-v2YeWcD3QhIr85c7x0d7xcpyfLssyAH1mTr-DYoEmzEQUH-KQ5vUOoXg59AtoYA==,162f2272ff66a6d466f3ccbe9281141117f0eb73dccdf4f4e0e48b904099242c,1975-10-19,144531,FPO,AA,86857
9e9f3b2dfc,akoch@example.net,gAAAAABoADdKUUcsizl2MonZUtkMJgm2ucZdIRSUi_u5zw1b4gl_rFowcspmgISUMuziCHrlUw2nlB-TeAzTFnqQXbLo6gA9ow==,9b1585fffed067206370ca9aab945fdbbc587bb57c280de5249871fde2c34320,1969-10-30,760929,Waltonview,MI,22428
c5408c28f1,angela53@example.org,gAAAAABoADdKF6WC6DB0jPu16XaSvuyK6nmNiPM2F4EL0IRszxXwlViiImRMhsqBOFXvcTkp2TDvdoSWyKBHISQRYTRRKMf0dEYIU8QcGp36MaJOZcp130U=,3fbe402671f11902f4d7b5738f09a926afb0752f8cd08715603b69647b821a9f,1986-09-09,349650,Mistybury,MS,92344
13a30f24db,peter35@example.net,gAAAAABoADdKPO0muiSvS9Ci-v10pD-flqwb53ahQYleRszgpzXiiLCfVjkgP8XY9UFtl6sbVcpbAIQhlRUhhxptx7jH-jDEHg==,2f0c075aca2f47ba2892a3640b4397b01a764daddb00de6f6bb75da7009102b3,1952-06-01,751658,Carlsonhaven,AL,82638
b75c1c150a,joshuanixon@example.org,gAAAAABoADdKTuLBQjEuzZ0w9vdcIdmEPB5nL1UhND1n0TxScXf7-vsRl7WvGM8QYYTd213_zPSogKwDgfdSzt-zuOQewiaRYQ==,e6ec4e469f380d0cdc80cb6d074d061dd25847ccfcc9fb8f5485796973a5edc8,2001-10-03,217817,Gibsonton,UT,95719
5949b1db7f,jeff58@example.org,gAAAAABoADdK-smYcJgVkTl-P7GmfQ_Ny4LC5GOMfFckx8hbP8h_ZSWSR_Z7y37qwA_gszzUU2rgYO3QjcTzzvblOX3Vrqynk5-pNopiXhO6ETeN5s9QUHM=,e45558b2bd9e26613d0ed9e5a1219000ac0450a387210b50a51e84374b01b466,1981-01-05,779139,North Heather,SC,53151
f0d2dfa339,brenda65@example.com,gAAAAABoADdK02ewKK93d7VgzgWWXR41Wrq25zjTE3MxFmunFOYLzYpk-n4gHgoOJkQp891bS4A0B1b_aHwhUoDYzBe9wGYMdA==,629d3b06342688b6b2bfe58a17760e53041b9ad442149f951301a97935081dca,1963-10-11,129403,Evanport,IN,30466
36d1dcc21c,william01@example.com,gAAAAABoADdK79Fhx0Z0Xz7T_SRzJsXLwEIp7ij1VTWuDs6ug8-fOTcwle1ecm0G8WIlSfWOStLSruGTbcWoog0S5xm2jmJF_tQxGQmqZ6Nn4U6Jzr6C_Zc=,a9ddae07d30d485b9cd9a76a5bdee4b021a3b766b071152f3aaf873e0a662f40,1999-09-17,840670,Lake Janeborough,AK,59042
f3333b4720,taylor03@example.org,gAAAAABoADdKdP-D6YXiGVzbKailBlQoQEmeZIZUCnMkNi0K1agbhnA07tmfRTlxtSlop9-MpUd_5NmfEN3kJD-xPyiYGjR6Nw==,73e14f69ca061a7fb5c2a02fbbfacc437e99fef19b8d08df25152810d1c1df81,1956-11-15,506881,Sandersside,NV,91740
c3743d3dc9,bbuchanan@example.com,gAAAAABoADdKpNiPUkmQ3E5LZQhr395YS9e3g6a0Q_RBChyPmSKIaaF9UIkcswsug6F8JQk48s8Ix4qY2X0zd3TolYJQ-w4vCjLrKnvMKQz3cuusdiJ_f10=,cc6d3ac1538fa080cfec022b8f503652f748cf69e771f85a5b77e364713c78bc,1989-03-12,255851,Katherinemouth,DC,39835
7a8f26a3e2,whitetracy@example.net,gAAAAABoADdKLGnaTzRNetpxpOeqD9uxGrJyM_DtjHDXXeJpT1V092dui_t_F03n6uXDl9R93qE4fuOPzd2vIiQKrpirxkh1Vx1zcjJTXxdH80ncLYd2iqs=,07fa4ccabdeb8fd91a213cb0342a342c30273361c3d48c2cebcde957f835a818,1983-07-05,455455,North Patrickmouth,OK,77398
d691c7a308,brownmatthew@example.org,gAAAAABoADdKmZhwTYyDZyQJpYItnkIagqrfjMsAR5F1s_fXfIHulGX4Ee-AxyS1RFpPncu0izwFgLUgv6azwzFrgkTunIj802yoIULwvJH3san7RK-SNzo=,db68980b05ccc56af1683d401e0c60f4ec5864597a95034f7e5ed9da5c98028a,1980-04-12,108375,Deleonborough,OH,76365
8ac4390b03,velazquezkatherine@example.com,gAAAAABoADdKvHuCZ7UEDLymG5IoynVac0HkIX6cW1HhiONqZLnqX3L0agDzXJU-ahQyFrYHrh5C8oxnz2S1JPlM29E_cPae7cxAKkezpDp3jIs8CPBusoY=,0c1b92a781b308741fa2b802ab1dc961676ee1d3292707a7f96c9695d7b3f7c2,1973-08-08,460073,South Debraport,MD,38531
7e9259fc33,crystal92@example.com,gAAAAABoADdKNYRR8VNSsj8NTKuy_0jL25qDW5pnRLgYH-uuhtwR7Q4u03JSPjf4bhkP-2JECGfg28iPf7ap5Urs78d6iLhJ2rdOHu7rx27iVpK475lLb14=,b09419cec1bd7c3dcb51b669c6273ccbd43dc9ac0f0d1540b45bd0233fafd222,1943-12-02,362428,West Mario,VI,91159
b14b692c6c,ryanburgess@example.org,gAAAAABoADdKLbJWNSW5tGwQDV2z5Rj-6ciSS8Rx-Pv4EpDme2viL-eAE1bMHGryYz0_UTLHBdL-y911L73xazRrDEiFlEC_56pEseofy7gSawOktC9oEF0=,4b1e363c77e16097074c01c2f04e4a418dee1ab87971ad7ad713dd23540419fb,1955-06-24,15755,Mackenzieside,MD,56587
bfaa08c097,ann64@example.net,gAAAAABoADdKqDFjTGh40ePrid7wIraDUnY5EfH6NVsYnyLXBKTPuh8k6pfEzWnYIuCSl1Bu4u-Ysvb_6_adReL12Q8WmRJLFA==,f7219b97203de83b6c102473f1912be85e15631eb1066f0206cd3a82b4ba970a,1990-08-09,818866,Hallview,AS,56044
51ae15d0f4,lchristian@example.net,gAAAAABoADdK5lTZ5Z19fhFPph91rkbeSoa56v2EYUydzocrGKw8-UQKhM3ovS5_3YXa9iNixy2WlAtI53WwnzOF6FXykNCG38GS9RFWwL2PNZBOtwB8nM8=,28fef9ce91cbaf299e7f8ea74394fd13b053023171530da1e4e3e3a131eec179,1947-09-17,36760,West Austinberg,AS,52456
52539dd6df,miguellewis@example.net,gAAAAABoADdKU31c2OJ-2ZgLnvEQv3nLErZqM5u5whUrvtx2rvlewaNAbkSRP6OpS_ZzZUfRGFRI6vqHrzkZcYFtbcOlZyM8cA==,a3381b057e7a24c2127a2a66065a03b182410601db3f750733b68800066469c9,1959-02-01,50247,Barnesside,IL,73712
3942ad1e5a,glennangela@example.net,gAAAAABoADdKm9SQ0UsL_vU7vLhEhxunAifINU8NHIjEvk__s6c8DaINChtUMUjAdeblq3qiuJ1O-Vj_4Rt2nZ-MJN8E1LVOuDD2sst-DI42n7fycEp0edk=,8686ff16ae90f5c5e29af0e0f456a9c66fca4f1942f8488a51b00712a01b4251,1993-12-08,327170,FPO,AA,84425
2c6ad2c9b9,juaningram@example.com,gAAAAABoADdKKbv0-cKCh5uX0h4Ka15NdP0NwzcxBpSv_l1WVW7VSJEzCu9wzI-1UcO0D-jza3M17vny3yH1I0_qsoWmgRSdBsAUpMZpK7AT_XkeEqGhoEY=,3385bbb7628bd545111e9036a3a908235915734a3515f1d7677c166b19036ef8,1982-08-20,671141,Johnsonhaven,LA,60760
1c74da0350,victoriaramos@example.org,gAAAAABoADdK38eJF28e7m3Xd2tuQ_NytGRKld84v4-u1efuxEVK3ZypicLZcSQlgftDSzy12pKS4JoDAFOmyYog3oVH05G4dmE0DJa5Kd4oT2RVOEdGuOc=,8565dd64625a212d6ef992eb3758b3742d5fb3d77370cfd0a7089dca1176c8ec,1998-07-16,563103,Port Connie,AK,16523
731cd74d4b,ubryant@example.net,gAAAAABoADdKhuuSInNExo3WSmfz88THDW01QcpRm_bzJSkB-54E3JWt5r78CiUHrWXNgzG34bXCoJkZkpMoR4sN5i0DgXO7nA==,e3af85015e7a0c1bb779d1791ad106622b4c4d5185c4c7a1fe453d4b2a4214d5,1960-11-25,237875,Myersmouth,IL,42504
307d12c79f,michaelrobinson@example.com,gAAAAABoADdKybQcm2shOq2rLQAoa0MV5e6dP5IEZVn8FQjm5yLZxj-fn-RnwVtk60OvRDnwCbwf5_OQET8eZ6N-5xnotHeUGb8HwfXThy3asN_biYGlRAE=,d5f53992db3658e595f77ef31ca502b697fbc684161024c58e39259e2ce3b529,1998-07-16,95257,Rodneyshire,SD,12484
a488346018,andrewsjennifer@example.net,gAAAAABoADdKmfD7RMH-rn_IZq2hm2w2vlgeq9rRmfZ0lq1uTFaJegjp4zjnc25AOx7-qndlc_ijunb6RYCXRhunsb7PmPnGsDqZWM_YpNHbSlUo5pUDO18=,506b757df6c881c79fe1ebc56ad53e0b75e4defad0936b689aa91ae7abbaa963,1982-07-19,883050,Terryland,IA,05208
4bceaffb1e,allenherrera@example.org,gAAAAABoADdKdGdnm7eugb4Le5fhDTSzu4bCaaoYKNCx32VbTScQp9DiqLkOj0pzgOLnxkeButyyAhyvnUBBRJha5YWcAte-pQ==,5aaaf7f96461bf424dcca58fe16133b8be267f047367b82a860383fc17f6fe98,1961-01-29,947361,South Dawnburgh,IN,25431
f81d4d1e92,crystal32@example.net,gAAAAABoADdKf_tDynzgVPnoiJzUl678iTgRBXZ8SU9EBx4vKgcFXGFHbP2zHI5D4QQ5tr1fMYY0i2rcNrQjeGhJMVh8aB3paQ==,b99d26397e23a926c4291ab2ba84c0216b8047f8ebbbafe7956044f0586b9b2b,1943-02-04,911259,DPO,AP,15764
79398f8732,edwardsbrittney@example.org,gAAAAABoADdK6odH6mighDIceJ2BzOA5eDlSSm875XVkmJsmHktzW7q6HmkK9gqCA7_ph36k_OI9cpP76mhTu6oEYKAKM-X8WrJ909TRPwiWBVcp25Ksg_Q=,b1dd12453595b63a333f37efd28a43ca060a07a8b6d9189ab6302749b94845f9,1979-06-19,49519,South Jimmyfurt,SD,24491
5ff0681230,dyerpamela@example.com,gAAAAABoADdKjEARIZI76WW3CaIgS5XPAP0sFWyozkJOYgon_VOLJ1VURjrdbNbswCYe4rMCL6rrjuAg2Q4fx-xjwwYMXvsHbEImAJCgoma8mE0IX0OIUMs=,a7a725a8b6ad9da0349e16925bb2463d3a216e76c16ddaac20dd68339aca7fd5,1994-12-03,829912,Port Justin,PA,56006
e3ecd681ca,amanda82@example.net,gAAAAABoADdKlOuiHIpnPf1_9C83Tk8dGwRUEadpmnLEiI1S8zKsnFKb8Kq-Ae6OT4pegu5WRxhz9dMu4pAp9Mh8MUXUTDhCAw==,d8f81bd94ba33afca1e63a02b3995f8d9812dc4b83e9f4115033b62fd9914376,1961-01-03,683782,PSC,AE,95016
420b798278,ruizkathleen@example.com,gAAAAABoADdKHfGHMokdUfHPWGDF8QbWtwOWuJaV82KnBYXJVURieNN3vuuJBTbfwtQWVPu3ep29WOE__GNP0qkOupLj2K4tzbXkv_kQMVPBO6xPLHpnXEo=,5c1a77521ac1ce75c07d2c2bf7f52a6cfb5357527bbb9f1f5edc5ad191d55f6a,1983-08-01,934596,North Jillmouth,VI,01357
c5d6efa5a2,jennifer98@example.net,gAAAAABoADdKcy7Fe7Ob-SF7hW4fo4FjXhorSN1up4BVdZeBTR_Dvw1YZyluE-gyztdF0CHak57R5RekTWKGkOmlQr0asoMdMAMF9sHyYhdZVIQkUHFnuoY=,3c9e10e0a41562feaa003bcd799c3dc31b85609f9f1f762d129557f6318df2f1,1998-07-16,85349,Solisfort,ID,92010
ebf0d86c1f,jsharp@example.net,gAAAAABoADdKIfGB3TGsnrGsFmRHAAW_IQnzNnBv3Nl6K7PAHX74Non9zc1rb5BmCR8UyKPKRKODKHq8ir__dVVUBPz6UiLMQg==,88a7fb760045c6696791b8b9e65d972c8a0757aad9e42cef2bbf2a26887e7981,1943-10-10,490772,Marcburgh,KY,27410
138ff4af29,uphillips@example.com,gAAAAABoADdK28Wf78bN92it6cYKWFAkiiP1QH1q-PcNOlwchQps_wMqCttqT50IfaffkJnFCG_D2GJwZC2h2kwF6ycPCu-uQw==,5b2836f0252b09b778530942a73b4a1e8e5cdd14923af68ae9cad6ba25a582a4,1996-11-04,187666,Port Angelatown,HI,36374
ff03b35253,kevinjackson@example.com,gAAAAABoADdK49RYBXoF_VskXH3fd5BmEfJo0O-fJNxS9vvqycfhIdLdiqRWI3tjUbH0tm3z4Y3g-BMMK16m3CBQraXPvJ_jLA==,807a82eb8253b988215807b7edd783c79e7484a32c445be198ce08b5ac5c7b7f,1971-09-26,346147,DPO,AP,86861
06bb8f6ee7,nthomas@example.net,gAAAAABoADdKsMKn8OoL0KPkKKGApi4szwq_98gbdAypS80g23dmDri1-PAYzcFuTI6D2Kj-beD_N75PHWnzTNxTWpW_19SRGw==,686265b06cfb5b458495c4bc95127efa4a5c6b77a2cc00a795b2458e865f48a5,1951-06-30,867546,Lyonsburgh,TN,03971
3b5d7e7faf,williskimberly@example.com,gAAAAABoADdKYPzR5Qf8Q_bX74ZE1ES1WvY3MDT9H1Y8cZSexmjX7ZPKkJG7BMPgCT5EgxnOvE0RffvOofXhYEMQAviz0ayb8w==,3a8788a8d9d6ef0bb34c42cad64a12d46ff23b440ee23281d1b400880209c637,1999-05-18,96202,Gonzalesshire,SD,93144
61aee4295f,danielwilson@example.net,gAAAAABoADdKyqz9LqKBmo8n9u7FEbjx9eEuKZ_Ysh30kmmUwBgbb6QTy6nOCYvTk1tESg27B3WbMdcXgCTvBfDWhT2EDidTKQ==,cd9d31272b2a4b085eda4522adb767731ebd474fda7eea50d12597fd0c8c8594,1990-02-06,169076,East Dakotafort,NY,42549
6f94098722,williamfoster@example.net,gAAAAABoADdKZf-8-yVqLAV41kIl4b0kDdyz3ePuQMh0Zvskfl4BaUQ5C-H-otOKYh2IEXGzLeIg9UjTVKBnE7deP6CcINF6-w==,45e2b3aa9e4df9222f2a6e0c3e7144c8e7ba38e27fd7e406f06b8a8a950842ea,1961-05-12,450993,Alexbury,OK,29569
3dd1dd68ea,charlesleach@example.com,gAAAAABoADdKYN0yAP3nwakmo7BGxnfsz-3-f1-iG4oGctWa_Itp0ZX_X9CDqySoOTC8FmSGeVVKtft8-Bul5zxEv0lae7n2Xw==,7dfa7dc593f4fbf23dbb86aaed6251dc0c2b4ec9ab2f8bb27f244253def47439,1991-07-27,521247,Loriberg,NC,98925
68bcbed68c,debbieblanchard@example.net,gAAAAABoADdKU8dELytJkloexJHA4TVk-YJfb5_eQMOXhu8-9KyGHiIB52P0gutk4rwOz89Z9I-gNmpr_i1P8BSByjAv83h8ueGynvNkuf2LcwgICMNEmPk=,0a5924bc2a1a49388c8e84b77ce2ff328adf9cb36f3a01f7d7f1bb67bded4a9d,1977-12-03,257538,Samanthastad,CT,99755
7d36fd4cf9,paulrogers@example.com,gAAAAABoADdKiIAldUoxFnkXhyCT8_4g2hCkmyo-eX2EtivOFeFRUgHpS_mzIgr7oMUfqlNu5u-jy1m0qEnjYOWOTKkVKxlKUw==,10fd9bc04a7ac1c4089b6ed307324deede5ce4e7d2566da5dbabc9d47a72450d,1975-03-25,691817,Eduardoside,FM,05582
697d477ec3,wallacekimberly@example.org,gAAAAABoADdKQ0L-z29EN3h7zqbdzWqvO_bBDm7sCndAryiMjxWM7mw90EqIM7SM9ImMk5mCF2XqEHXWnt7NbIfArA4QlX5CXQ==,e6267271cc76768baa3ac653fd831213661132f4945ab31ee73e8369eecb2c3d,1990-02-05,686069,PSC,AP,52584
bc51711897,jwalker@example.org,gAAAAABoADdKTcxmyBhh21azTE9BG1L2iXGqDO_EGDm8X6vEDd4Y5pk_V1TN4mCihVVYmgJ7qnkVeWBUhnwkizQvZ-LKKalkRrCiRZC3eo8YaHUFIfGKnrg=,a723b4268bc6039b6cb727b9e9f872dc505afbb4ed073be802d7edcc794f7e26,1973-02-15,578567,North Williamland,MH,77192
99a6f05ffd,donna42@example.org,gAAAAABoADdK7l-gghkMMrBKuyjpbPwkMfEfCBFHAAWzT3dhRv-ixf77BC9eKsGrv0IbQuQjbaAeGsk6DkLTk37kL8TehiqqeNHM6VmziBbugQOzunXyPIc=,01acab4bd1d6b82d3356c5f9596e7e8bc0f0cd7729a9cefd563a0c7db02dee78,1957-10-26,481431,New Benjamin,IA,28025
944b27b527,larryherrera@example.net,gAAAAABoADdKyvFN4UQ1y2INFCMwPyhaGEBLJOm3wW0HJWY3ODhP20RyWC443xB_p3NJFeHpP7-qvwplqxzeS0YGphfJacIr7F9dPyAByPmApUVoGEbHjBI=,0bf4d04e78b871bf63012f6d22811c39a794e764e68df8eee54f62c3dd23078c,1978-05-21,791411,Greenhaven,HI,56592
02f0821a65,lthomas@example.net,gAAAAABoADdKasYwzoeqyypfW6KV9zTtYIPY-Q1Gzx2sq8mr_FV9hs-IVPQszIYvkDGTm8t_3A1_mIV0lG_Uc7PdwrBXpIeTNFrnF86jMlYfnHyUSYinLqk=,c976a89e81ae447ca1e46d279dad6ff902a4a41b39517da595ec386380a9b4ce,1946-01-11,823722,Rachelborough,ME,90607
e7edd1a156,dlittle@example.org,gAAAAABoADdKR3K-q4VXS-3aUDebSzRtssxuvccWVMr0ZynUNGnBtoBuhIkrgEdxuYpw2K4cB6FWDS3Npq8O4XwRTbv8xUKsrw==,8a43740e1476e8f8772ba59450713e2c26d01fce881be41a026aade54390931b,1976-08-29,210090,DPO,AP,88990
fd9400c528,roberta19@example.org,gAAAAABoADdKVjXcpN3OYdUTGLdMH8eyVMFbCwvl66rmiNUMhj_a7LQQyRYBscrK7GOemp_sgWi9Eh8312dvj_GmKWSQoUaubw==,74abcff8f567449cbc1c8f3aa93074f3f1c042c78475f1764932cd9fe6bcbd56,1985-08-04,333843,North Robert,IN,56109
eb2ed9f040,conwayheather@example.com,gAAAAABoADdK2k7YE-k2vkruvaneEipqTsNQnDxu2kafGRiP5E-gvCc5erHr5Fh_DhTL1VRVNzIVXLHBtFG0dFxLtwxi-7pkM5QdUkbVG1eYpXcIdMgsMs4=,930adc8f7d6cfb625ba58633419fd3d630cb1b7fae7b217664440d13ff7a65a7,1960-09-19,149615,PSC,AA,83603
24e69d8cdd,connor71@example.net,gAAAAABoADdKJaIdXTXDgd3WSh_FZ3TqBMFpntt04eyJi9UKrfw_17JsCsbMOpP-R9jP7t4sl6JGAKG4EncwMWCP-qZbXFvaIw==,0c354701b0807c7acd7a67b7c97106ab15de84a1e3d01087e699da7c9d4e210b,1993-04-26,407610,Andersonport,MT,13106
0f425a29b5,newmanmichael@example.org,gAAAAABoADdKIgt0fcjypnwn2iKNKClrnqs__bfdIDrQmt42CriJl4l3s34asXem-4-2yhVg61O3E7TnUwHkfVtJLxDHIiVXVEo1n1mnPi4AlCAZrkvE-1o=,94e021641328a0b3426cef922cf5754046bdb91153d8d21225e7067aad37249a,1998-01-24,685978,PSC,AA,44570
f6c835dae9,georgecamacho@example.net,gAAAAABoADdK-zvpuQjcfCapU-8C-LTkm_9rBBfYNkh78KZ3bIUGTP4vykCIOjowheKPC03_MvgCSXQmEk_y6ti8XvwgX9Q3bw==,df551842fd0b35a561e24a8ea4bf0c0047527a709c7fa02281b90bdb11fbf6ee,1947-05-16,395353,East Ryanton,LA,54885
e1bca0be82,william18@example.com,gAAAAABoADdKM8_ufWT6AKq51ddcfSTs4_gyBpJVNZ3cE36-iz2OtUy4cVsv1895HkBtpvVqZPgiNJs0gpTsToA8C2qYT7fBayjgWFfEvgk4driKIxBZUcM=,afba7df3542dd9bee81c269b7e69d362428ec9d4bec799b34dad33410bcd5705,1967-08-19,805657,FPO,AE,28094
fc8e2b5f1a,elizabeth52@example.com,gAAAAABoADdKrxHYKBPg8qn2Tsvb9JivLG6IKJ8-9Ao8k5kmkLyTiQZp-fFfrTVaWWGzZ6CrlGcC5GtDFcT_9dsl4Sxc3FewaQ==,ba68e2dffe2a0b355179e13cd21a4ec183dc6ac0ef23391542c76a765c2fd8ec,1958-04-13,844116,Mcleanport,AZ,09445
7b77a7dc1d,vglover@example.net,gAAAAABoADdKyusqRdfKojeEzrMg4lqjSC33-AXo2R3KHGN6Wq4seuHTWckqZFxJ3DBneek_lTpayqYvDDvjwnrnFiXDmI0BiA==,840150151a0f0827befb492c66743b8502e49534131517e90c4950e7c4d7c502,1943-10-19,584607,Nicholasside,OK,11696
3f83a6c133,mlin@example.net,gAAAAABoADdKq_RZ2L3mKmCmy5p31kKZvy8czV1qhlL5wD8q8nEO05hDTMS8-ef2m_MEhyvTalvYvqHrBEaw_s36oj8akZoSsHKkEnCjC9JTTnxNiFz1BdU=,a0c486a0aaec189671e6f7a543c6edc798713c07870cdb77d10ca7b1da5ebe89,1979-09-05,192777,Rhondaville,KS,06957
bd2964068e,smithjudy@example.com,gAAAAABoADdKSHiBwPkcCPNLQnSXiIOfUHzps4T-VbUfAL56_ZQ3JVombeXlkB8Ip_MqnncaJPitl8zP5LglTM50jERJbs7g7A==,99f8d1514f58c415c35f57c25b01d978f55357483e290587fb7058426f51b934,1967-11-22,447275,New Davidfort,VA,72034
ce7fae2408,raymond38@example.org,gAAAAABoADdK4tjd-K85zHuhWGHFAcP6Cj-Eiccy_nbOsvv970eA6HAg6nXfGYpACjSjVXTxY2OPbhD_VrtkY4wbh96hReCS9nxA1ZkYo4I6RFcVwSl2paA=,052b2b245314ec83591cdd89bc91a4ce9b6eff21d3f23affd530c0a608495545,1957-08-27,799322,Grimesmouth,NY,74997
63d1af594e,brandon99@example.com,gAAAAABoADdKGk-kM9P3J_vZgwVMll2soxVRHP22cXoToQTBgxLrFQDQqK62uxUVSpWmydPZMdTdB25LK65oIjTVlCLi48V5gQ==,cee2416438ecd637d8b775f2b6573ec063900cd1f12f2a7f6c364f61cdac07d8,1987-12-28,334437,West Brian,AK,60044
c5c57e8729,veronicawatkins@example.com,gAAAAABoADdKocseh1a-_fAYkTw39kYrP3saB1RvnON-NZOoPISnJfFtFbQJmMjyURIzq3NzXh0Qoql2Hg1qODHSELGXdImwZV63wTI3ZZ5aLghAs_i-NsU=,257f5e646fb6a9d94aff47adf1548910b35000c85f3236a4eb323beb27991faa,1959-08-18,858357,Dorothyville,LA,38145
3ffe4d9609,ronald21@example.com,gAAAAABoADdKrv3hAg5t_mMcebrG9Lou9ytT0t3ezHorKBsvRVIlR_OiK3qYNRZwlSCKehxZ6A_wGTLUZIZeYfvU245VQYGPqhe8U0KduasXFrnubS1OJWM=,213fe5eac911ca96db6785e91f296121bbdf3cb559e5a5a9d3e1545c2dcdb008,2000-05-14,932553,Fowlerside,NV,26445
a9a467af8d,scotttiffany@example.org,gAAAAABoADdKTUexDY1IDDS0W2K8UdeENEJx_pmmUdgP9awcNzXDY6N7jKRXLnuTuh0yjFPlOvZhKmEfoS-E4W5o6j_wKhD5CQ==,553894156407437e886bf088149790b65634468db0e40560131bddd7920537bd,1986-03-09,691060,Sabrinaland,NE,60871
8d2c402079,keithdaniels@example.com,gAAAAABoADdKnOZJKVsVGnmIbNLy7wTVAZjuYDkF80aYzBppWt2ZoMwk9Ee3Pfa-T9CkWyGH2qVv5tQvGprQhOmvdsGnYwTJSpVVmOFQRqX84je5jO-c0oU=,1b0ed3288773a47d55b4adda5383abf59599e6b8db26da44332ea60602ad494b,1971-03-19,93145,West Dianeport,WA,45481
973ad4b2e8,nporter@example.net,gAAAAABoADdKuqaGSIl1zG2FAKQeUK1ESWhzgEk0ietvtaDJ1pKiNSiZg_J1pYx5JAGuG1TXpSRTm4s-m3tA6PwqtoK68mF13sBTGk6DElLm5Ulit3y4XHM=,57d01cca180381628bd3eebd0678da8ff4463c000605b6f066213e70e3bd810e,1973-01-07,98011,PSC,AP,82071
0490955908,toddmora@example.org,gAAAAABoADdKqnkoTjam8Nh1shA8D7ET4zdneHtRt3dEfbDiSkxc3MbSoai6wj18l0usZjQKp70zVhBRUKE3x65858w-DHKQJw==,b20bfe2a9d60b1f2da442ed262ee4f3117f51247ca1fea3c26b1773ad6ecfc2b,1995-06-26,194733,Lake Amandafort,NY,75015
f12800d600,cartergregory@example.com,gAAAAABoADdKvbxrK3D09Bhxk0NhZ8uHwMx529gdirw8APxayiQumy2k_S4zz7q3ZvM6J_o5kIcv1G1vWsfOMKCp7hCPZZPGyFplK3pO9x_FAMoLBOUz-a0=,0b9c81f06a8dacbad688e4b7d0619303acc2f48229644d4e981302659d27d8cd,1950-04-28,502040,DPO,AA,93511
194d1596f5,pjackson@example.org,gAAAAABoADdKSGc3vi7druoWwEyx1YH1KGL09vgCzvdyRRDVWLremYPON5ejXF2CCc8MK8e1EQNlNDeNd5Kxb8wyu7l8cNJa9g==,4955c44a473aa09def88a9a7b835fe33dcc14235b4bbf6018109c6b4b6b579b6,1971-09-20,199845,Lake Daniel,VT,62546
a307ee14a1,shelby15@example.com,gAAAAABoADdKXDmJqiv4dshsdy82ejiWltftD7u1BvzpSNif0TLm93yhg31-jkJWtR5DEm7axcucpC9PQRMk6Ko_YIHJLIGVOrMId7WlH8lwIqU23ikFjRY=,5aea79cddaeb0a0e46fe81a9f04c9a2a253e6394cb9f8771b38d74e6f52ea6bc,1950-01-31,959839,Charlesberg,WV,61640
aa0270d818,pyoung@example.com,gAAAAABoADdKlIZRw8aFjztYs5il2FvM7nnmPD5M1jxt8PdvIScWFAPhU4CapYycU6QWMw1v0E5knONGOhNPLTG0uEPGzmsPjQ==,31df547a3a3d15f8dab87f91af8a08b66d979b43792d0040d9a8a46809ac2731,1955-09-06,179283,Gardnerville,NV,11315
389363a62c,rasmussenevelyn@example.net,gAAAAABoADdKZK8P7MOrniDMSPprtVfZGk_hGAvSH4oESoNluvV7GP1QtAjoGhG9iZa6fXfH4iCNHANb1e6zGW8-0sn8rknVeHZcHcQSPrlJfkKAgIO_1mI=,15f5e3247e7f733675da13344662ba0f007846a7e80bea787277c80674b88515,1946-05-22,71960,Maldonadoland,NY,43103
b02981e12c,brownsamuel@example.org,gAAAAABoADdKP7n6SKFU-0CCOEaNwBHWpfZyLLK6gzYTHtmhrt9_beF-z5JKqEemXVPRHJ17uv-17F_-VJSLMnZQS5QCv46CVg==,38a0723424b753e9ddffa650cd5366fbcc3d97c52992644271637a6825f3a1ac,1955-06-18,913534,Brownfurt,GU,22694
6298364f9c,thernandez@example.net,gAAAAABoADdKCk1VscwY7f7Axt1dQsydsx5wb-TLG44v0oPCDOm--2tGHoTWFccZLAfPAHcJwkPIhgh2xMpu2E95wB17u1SMFOiB8CpNOY61GmKu7cu7Y-g=,00ac90a42c5d8a816e5fd47114292479139b2625b9991e000b54b1bcb83b531b,1971-12-31,105849,North Debra,NE,26462
820df241ed,tyoung@example.org,gAAAAABoADdKWJ3RmROgRc88sbJpVI8mmlApw3B2LRpj_9LghsYnvYM_cvzhAUquo3uVXre1O1WAX5qy49f7Y2kNbnq_YfIJx3vNha3Ejvj6Y1AA_pmT4h0=,b38f0736982291470c31c70d8ff623aeaa19705f5f883fad1b1d8bdd63a94945,1997-01-26,58228,West Douglas,OK,84195
78b08b6dfd,youngadrienne@example.org,gAAAAABoADdKcchDk5OH67EQ8m1HyyYICzIf2TK53Nr5a-NldMUFvePJOGV18kAhJealkS_Oup2C94jO6XvIpKCFug_Hq7nAgg==,1b197f7a51976c91ecfe240f0703358d28841fbd86074d0f2d5748e3a958f7c0,1950-01-14,544782,DPO,AE,37812
b05ff559e2,grace48@example.org,gAAAAABoADdKIB4kcMco2JDdEpAf8pc1zkPORkI48kzCOTYIsj6H4Czmpw1IuMX4-BVW6bdZWSqIe_5jKZ5hDuVzDxo9x_jb-g==,4348639ba4f547de80ac968a58cd627e70ff444a1b6ab9ab61c01e290ab4eed9,1960-07-04,864849,South Brendamouth,GU,66920
9ba80c43fd,cody14@example.com,gAAAAABoADdK6PC_E6X5tYrogi2gLBPIcMbwRECqKClry82qo1V3E-X4atRGwBNfxOly184up7VECyMWi44JrKC3SLZOwlfOCQ==,ee42ba50f7f030b1ae2e43f7b63bc80ced917b6fd96aac518c569ce6b955cf2e,1950-01-12,245023,West Aaronchester,OK,06820
548ee9298b,brianna65@example.org,gAAAAABoADdKhLOVjQPVOeyaQogMAWwMU_Jp2lENjcWuZ8Zz51u-wc9AsiPHMVawZ8qpnRViEJu4hTGlCUnyUzZUOLP0KtGYvdHvmfsPnClBDzPrmtab3ec=,7fea0f6b1f827d9025adf2361c160ee291867e74af0324d71e10f4b0224e5dc6,1954-09-04,454563,FPO,AA,88953
6e3102e79a,ivaldez@example.org,gAAAAABoADdKka9WlT31gWKxAdNS_TpXdfvLx57SWH1-A4E4x5eNZx_A462NBfPSW7Yi0qxP66RluEyQ-AmIaJMwsFNXe3m5VSr8nHW3TeXDiti-2ldHCDQ=,b00a24ee7a48c3f2b1ca1909836e3cd0023ea85b49b17c4738062ec56ffb9077,1988-02-12,254677,Johnsonhaven,OR,65160
0f12c6d6ad,dannylewis@example.org,gAAAAABoADdKIvpT3J_mbF4SP72818dGUs_t8rWMrY1IekNTWW_LWFf5wSoP-uDzih0Pv9bDL_7M-YA9jQW2vyfUmpU5MAx7GihaRepFosx4rAHjJkXt2Sk=,0fd34611579d2d3dfdea9e851ad3b4b7a995d7771690a4796129403fbe62fd47,1996-07-12,321686,Port Laura,VI,01614
ede8dbc5ff,ghayden@example.net,gAAAAABoADdK9HXcFLPTcYHKhbQ_wEYUZnKksqHQ5gg5kA5cWi1nyiiKj6iFHxFCfwyLetr2PB2PJoCQjnF1H17DNr4hHTvXwA==,4f7edd6c384462b5df88f6f90081997970f4bcc1bf3edfcd3c95e3a528cc73c7,1978-07-07,184931,North Megan,NC,73237
c80f7ae894,michelletorres@example.com,gAAAAABoADdKJu3R-LA9FHRm0Wj2I58h5yjBR7fxP5swki5ZhApHqvh6YB8OOnOcrWb9-_wFoSJIEXCEMEZKYJ19xFh9qof-b0fxG5saQEbMEMQ1nW44PeI=,39ec6debe20b25f79e901b63db3ec152dbde90c1f9016997a72dee82d626c6de,1983-06-03,989489,Skinnerburgh,PW,83877
9af67f41b4,amanda14@example.net,gAAAAABoADdKGtxSOZ4j7gGgpgz633MAHnTtfhywhjmInrCq3P7ttr21qTng3yGyK9-tk0cMY72bxb2L2R4zko5nTozAVgIm8e_HUr5Jlj1yMN8BzbmlFgw=,25be11b42b2ed0e9c5ffd9a9ed30498b845dcaa42b307e4d6ebd53fe925dff78,1971-12-12,107411,Ebonyton,NE,13521
7ef7b4da60,wucraig@example.org,gAAAAABoADdKju5hHE3KUsCt8WTIgEZA0DN5J-aqCquPIQTy73Bejv1XnrLd7KJp50E4-h28YVKYDr1-6od-cY44ep-eYipVlg==,f878a48f6fa2f42b1d557eb59493b2ef425a10cf1378477b11d918c4cfdef0ef,1977-10-27,471506,Martinmouth,TN,17110
8f5ea199df,walkerjames@example.com,gAAAAABoADdKYErdwerlxpH2BSQhaaNpArGu2Z2rNOIY6xu2Y_CHYGr4yB4fP5EwjXTdtV_BG5ChL8sK9HwzOLpQKxTikT2dWuKNKHl5uzPv0E9Tyw-NKGY=,c5f7c15e4f8095eefde653154cf07461bfca5b0c5d39ce12e789ee0fde539802,1960-11-30,873466,Lake Bryan,AZ,28366
cb556fca72,austinschultz@example.org,gAAAAABoADdKJZV_k2gJN2_gDJoKhksMOi6r0bH52LA064EcujeBoZJ76zmXx2TryUuQHWKkemu2O__eebJziPKaQjVQO1KqpQ==,ba4e832fa0db31c27bbc6a6268e3ca36be611e3e7d5d3981f9170d8d1eb1bb16,1987-06-24,542127,North Tiffany,NE,34217
a6f34fceb6,harpermelissa@example.com,gAAAAABoADdKO4mFns0O279yKdJ17LopT6NNIWtBlotPRCjrFDH_u_3bIk-yNgSKpIUd0TQLkmFPH5KSSrCkBczPujuYqlRQnA==,6ecade83b3f45959e0cb5b982e6bb08dc1f35b9060cbd06cdbe8fa11e511dca6,1947-11-30,769574,Farmerchester,AK,64522
9c5e23c900,williamstevens@example.org,gAAAAABoADdKJMXWpWJGmvRwlEHEgjoTT9-LWJEomFjMecvN8xLF7hG88B-dlYEc2PTTym1-1AnFnaGcbxk6pIDEnIqbQNR24hdFUklXd3tojW9UTOiChDI=,0a58719fc11312dddf305791cf5be2a755c1103af08a540a2d45dace5470f9e8,1942-12-25,631974,South Amandaside,PR,49702
9eddc73358,aguilarjaime@example.net,gAAAAABoADdKZQHL0JNOgWLiGRI5nr0hKUlYFkpqEmPcKwWbCUGBVZ5deu_z4wdZ8XLrOCellhHrZjDYORQ34xOgBanBeeAX1g==,3b142077202fea469eee690957629681a582be9d5b12ce3570af57f7772f8342,1978-09-04,516838,Santanaborough,MA,07356
21c40a417a,erika63@example.net,gAAAAABoADdK6bi-60jPS5cF-L8xedhgSbA3NqADCbhTV46kFIv0QZTa-F76nzk0WdtFeOl3H3Ms50ixXgIzH7plWnZW_7oJekTJO-JaHJKVyeqp5Gp7bAk=,e7ab787a47f49baff4d6439ef78acf3b16d2070d6aee1ea53d760e8efeeed5cb,1966-01-25,394193,Johntown,FM,13161
5e55639ecc,rgarcia@example.net,gAAAAABoADdK2fvShQARlH6X4-O7yus8fPjBHJAoGUVZcmotJwE_EHguQegh9m74pLv0BIPWijpzR4YvI7sKugBMWWDH864_dA==,33495660ad2aba4228a73fdcff01b75965cd1975fc453684ff66aee93a4f3445,1993-09-13,819943,Allenbury,PR,24089
2943f4632e,arios@example.net,gAAAAABoADdKplqF93iduXTmBSD_h_bxtw6pGnPEW4dTM-SqgfyfcHWiVWaDf4NHQiuF4Snc5KQkN4OFWGmxiJiGHpJvL_stsc5jgF6GjHh9a7R9k5MTm5o=,331499549780b5774c11d8f60bb206ddaecba1db114741061f263decf2aeb3d8,1994-06-22,182909,Wilsonburgh,DE,23781
69aa28d070,vmunoz@example.com,gAAAAABoADdK40vGSZO55koe7czewIG49aKlOT7FVWGPOWoZWsXPdvLBplBCms16jl8IGZIfk4ZZG_fL6sYscDX2SEvorC9-sw==,ae696beaaf0fb739cb32b037661b5bd77ea8f962583c99863e0c82623c3478fe,1966-10-20,340501,Johnsland,MD,05536
3bb8339c0a,julian81@example.com,gAAAAABoADdKMytcF_ZBo31P4E8QfqqI9i8RYijm_bKCXdFFEttMimJ3UEo94cQHCGssZSSKnbwgp4wbkLru65VMYX3dtVLjuQ==,8dd5176dddd4fb9a89c756c06f33f8972b450baa3862dda5e89354a9ea57c49b,1960-10-13,317567,West Sandra,KY,68439
a916fce791,petersonanne@example.net,gAAAAABoADdKETo9AWAfm2sRAurV__FucdIWkwulyysI0fjHSECWl_CjCjYvRPhgEEbVURy8r1R797h4c56ibHYVKpGUA4bLHf1xGegvH8FVe5ub4aR9vCg=,a20506f1f5b910e55a56d0d73fc8c8bbf425ca59bd82d4c71c9722701bba2fa5,1996-04-24,527420,Port Anthonyland,VT,79565
1694d81701,ggibbs@example.net,gAAAAABoADdKt-VruOcasZL6khERltvhDR_gNmR9u_HWjmPzk7NgyhqITIbxMBblY6wFOezPgeM5exC3vc9W7aFO1ADcU841GnylHDULgrQZ2kvS7CMSqSQ=,edf29136bea6d32ca5fbeacba49eb29577a92992bdf4f1e573ec90ef8a2bef07,1943-10-18,960798,West William,WV,25677
42a4403cc0,teresamckay@example.org,gAAAAABoADdK3ZDXOuspd6EXDVG98Uh_oGCr-Mfws-SNfIGuBzduV-VGaOYDmQ-mqpV0Hs6e1dKCd_GV4aXldru6iOK0JWT4xTNOB3LADhQAO0oI06A1laU=,f807dcf71f1827f2765fa5db24ac38b3bd6c4dde5009b0813cf661a841485272,1953-07-13,959818,Port Laurietown,DE,68844
6d10e56d72,robersondaniel@example.org,gAAAAABoADdKNNdbUVC8tIPHXymzePKdR4jTHqFQXZb1LnoFH7X2iogYoUteo2UIZx7Bg1E4yqpxec_6kOj0hYLcPKXk1l_UAGXcIbnM-esAXutWNJhs2tI=,2f4d908c4ca73122b04c69d650079ae3f0e0ffda521290856454a4a8e5a76cee,1969-12-12,476506,North Mariebury,DE,42820
456772cf01,pingram@example.org,gAAAAABoADdKOqdr4Qk3lfBFSO2CQ87tjYmJ_L_JGfMDMCyZM8hQfa-87XFz3iz099FtmE31mFJ216jUl1ftLVsswczcJjKbUNjZkkcZD9y9P5xiRfSJuLE=,0b7b727629a67c5097502adf0b4537a9ebe8a5cc0c2a4434cbe66c815ec65f63,1971-10-10,366388,Johnnyville,NJ,89898
688d6cd939,timothywright@example.com,gAAAAABoADdKyhmgogWE6v6zQxGgI0xrUtm0Wf96Gw2E7GLLNUkY3bzgSZY2XuRj68ioR4sv-Nt393oSLKxbT1yR0yHUnXGKXLihZaKs3blk9dWLk_2jhLY=,ba1d2902e631caf214d9c3f2a4373737cfc42cb21b4ffa23cf3f2fdb598c4b30,1979-06-13,253988,Port Jordan,ME,97643
e7534ec3d3,kennethsilva@example.com,gAAAAABoADdK5hljkRqpxtv-2u-XTZFflGWnofTMSDCwmOHHyKaKffreTS1sCdwg0Wigz102VAwBglBku23G134Og-Gx5fSTE7QkPHq3o_B_9Q0DWxccZgk=,5358e56a93e73c173867a33d977220767b084a21f8606ae2341074bd2d1fffba,1966-02-20,95259,East Michelle,MI,68526
4d4273190e,odunn@example.org,gAAAAABoADdKS8sTf_4-2BhD1cXrI-h0CzqwZfuUZalaABaOsJec109zOy5HntFT21CnLnxHxihFLZucSIigaUqBdLP8tSPGQA==,95f517c511b6d30a75715fe201988809fda2a1d7b94c344917778574fa58e2e1,1954-02-01,710151,North Johnberg,GA,73844
1ea7e8f9ee,kennethhamilton@example.org,gAAAAABoADdK3bTi22zzSihooLY776auqd1qP3xiyWjIuxPxpqRVaL-u0w4IIEOkedL8Azm_yWnPg_ZiHW93DQ48Ly_zHYtV42xpd8eeqFc2tV2ObNsmuQ4=,7747ee952ce8f30baf8c05e0c9e745a09b21f861aa9eae643ab6ab6c4a056e5b,1977-07-23,292959,South Rita,NV,45236
711ce3a5b5,edwardtaylor@example.org,gAAAAABoADdKVCpYY9Es5ooHqEPJZ2FWUzFz6DYNqX__wRdUgF9bAr4MntpVBhjI7lNsSPJpTHrUuMlrlelGi2Rgcu9taOZ3FJu5QtGNA2O8Xo8I8woBCgw=,51fce6512162fef33659abb55d61def6d9deb0d1908ee2cf939a449419a1388d,1949-11-30,70145,Kimberlyborough,WV,99147
9fdcf1a1ef,awatson@example.net,gAAAAABoADdKdf3dHOl2LjWC0VMsDyG0o6_s3NT9GZ0pY_1lx_lmi4IxkGNx43t4D0uoF29yVvDyjL8Xc54qMqVB5bavoobdjAaXL0XANW_yA6M37ToxtiM=,9d861c6b102b8216c558a7f20737d34c3cced3289054012ed9303b30ae1c507d,1973-02-02,169868,PSC,AA,32953
566aa40286,kempashley@example.com,gAAAAABoADdKEt_B5Sj4Kvjnh4uFPXOK4UUF9ump480HrIOYpX_Ze3r_e5AEcNNQSIZGDO-bLSd-PboXNil2K0K-JB4uNxqrlbgltbq2kgGblWUycLchY_U=,3f0761a69df62455329a8cde535a309c4c923842411935150e41753da748505c,1976-11-25,465914,Rodriguezberg,WY,01638
407969b336,angel95@example.org,gAAAAABoADdK0SD_jfUVErzjno3CQh9AgyMamfbBdqB_XH_LtNgm6ss0F_JiQFdSrOQekx7kvmd2oP9phrtniWXYSQwDmfLs-Q==,47e19b14ad96c274c75414bf4049ca44d5babd321deec4d33e8ee4c95717feb2,1950-10-18,859190,Loriville,ID,32381
debc9b11f6,megan56@example.com,gAAAAABoADdKtZbpUvN-S4zOn_hzAy_L8AYdT_xctDnyOSlKKlevQuVog5Hn9inPg422jBqk3EPlNaJsLOgcvmSc__cgpsE55Q==,69fa8fe1aea211ebd0342704b0aa1731762cea151f976da09f019a291b9eefe0,2004-12-03,726031,West Heathershire,VT,87797
8434db6e3d,floressandra@example.org,gAAAAABoADdK3efjpeapaWliM7-8dVVBE6faALngwKSQ2aPBFoaamY9bCe1WpxxSiRaCom7hJuv-Bhl3w1FJeGh8hHI-waG9DQ==,a256c6496abc8ad335c50b178fd4d5783036c99680c777372165bcda53d4560f,1967-02-10,12610,Port Michael,IL,38277
194592383e,cruzsean@example.net,gAAAAABoADdKywDMUfdv5L9ImpGVHzdmVV8x0ypRfMZppwtplnnfdB5mcvgKNB3Xa7OoriJHqC3HkYEgXSpqlI5biK-OeUlRoRdpP-28F8gbR_fdIJnkzpk=,07de2b794d3bbce929d370cc45b03af1ea7a36a721f45462dd71a2401e61888b,1982-12-02,872357,West Michaelmouth,PW,37008
170396c3ec,rochadavid@example.net,gAAAAABoADdK6A4a_KH8EDPdaiteunUsGccYZbTpUQBpU6tQ5qgCoV5U_iDe1BFPNfdJ5g6lEmqx7gj_9E00855D-4dBgPfV86zEtOb0UNQ7hgZQ6y2Y2ow=,89768778420e4f46826b49960132e0885a25de59ae93b6551a590a5dbcbedf2d,1947-09-14,915984,South Robertside,AZ,47782
338c72880c,jacksonashley@example.net,gAAAAABoADdKj1UTKXOEVLxHnTUqjK9UNct2C0yDR_dRQMLmfCkPBgV4Ln4XA1Ho1w6fUV7fzMH-LT6bDlthTbFhEgiWlzQXOPsLMEXXHwZ8NYs7bjVndQ8=,a415f2588b7fb7a7065d1376b9e8ef492048bccd922d0bf2d2fde4441eda368c,1943-09-18,985587,West Christopherchester,MP,16046
b772e6d3c6,sandymacias@example.net,gAAAAABoADdKAcHskA5oV1Y-2niLWOaxv0dzoOOJuA5Vq3MkedolXS9BUcYB_glA2wL1C61QD3xs52lQNlVrdEJFeZWHofEL7BPn3HyB1bokgiV8pI3PiYg=,0d492ddae03f4e962e158f7883b1336facba148cfd1b2d0c39cb72f9e370701d,1949-02-05,982707,DPO,AE,94711
912ebc69ca,gpowell@example.org,gAAAAABoADdKnyvYUyKmgFuLR8a4Auzh2WvJgAiqjRN_Xt6vFx3r-P8JoDmL_nAlHYLvv2ZTxmrfi6COEEXiP9PY5Ys8MFbCz3YJ3_xOXPwLPMqTXOsqoW4=,6d87ee4f0b4c2203e2ad0986a2b5c3cfdee1282f1910b0e2eb059a90bc977b89,1959-12-16,769277,Terribury,RI,20963
b864c7d0cb,marcfrederick@example.com,gAAAAABoADdKG92MjvQzTU_9nGQs1aZ-ZGfZSvw16LhXEJi57lcMVm0TlGcB7b2FdpjY4XW4E7nLca5qjgn4-wN4cM8VrPQ4zw==,b147dbf1a294e3a3446d114fdcc46804b759c523d8a25ff7cf5346bf59b55d46,1990-04-28,479474,Harveystad,KY,58587
efcc9ebc1c,rbaker@example.net,gAAAAABoADdK8x-Fme_gn-w4IuSNhgOL48C0GYNXxN0iy1Fc5_EgKAH1cacMLWbeLsUwhwuk1QNZ9tVxyhEBCZtwcwZmyXGjMA==,93536d917daa75e460f6a2f74746a2ae09bce6e9636f136c7c73b650381cbac8,1945-08-09,747641,South Roy,WY,36644
ce3045ca14,psalazar@example.com,gAAAAABoADdKWjAuH_ojI6pBMbrKsQAwy6f4GMBIA3GL62ksopJSbl9SjFoWI321rKAwEutqe9wMGKzlwr3sqGr00XtIxE6A8A==,262c12d43b24f9f0e448f989341e26bb07abc1de0977256e95583891d10502a9,1968-01-01,307116,Johnburgh,HI,91370
d95e481ae3,allenestrada@example.com,gAAAAABoADdK24TfNW8nmlcoc-QGip80ggQM6bWaRzHurm8l81urwDGZTN1F-D0fd76avvPxU_hAezy9GjjoJjyU8fBAt9vaDvcznhFSZnIaqIxEQHwSaa4=,8bd4cc30ae8bf956cef94b71319e19e6049b83e4d698d667a98aa05adf404074,1946-09-03,145175,Smithtown,IA,65694
b945eaf93b,moralesmiranda@example.org,gAAAAABoADdK9KzvBsvV2TIUYEkBN0l3eOs80AwvL27wf2FkQLgeTM5_2kWPYG5fTdf_ii8gcvJfTAO8w4hMf3F2sx4xFAKTNTjw641VTVHrKURUPguuoYc=,a4c10bcb5f40c10c0c27d98d625fe23d1833a031ac87b58217809346c0a299c5,1948-08-19,878663,Kochshire,MN,94807
ecbdb0de6c,stanleyerica@example.com,gAAAAABoADdKB72hXjuanVnVwotkTskcBcxTDz95l_nvYxVU-K8rANvumv-cS0le75sYmlIDe-dSMWZU-IdzyXpd9UE1TwwGJ2RC24r1vL48x83jTra36rY=,332a3547d495f10bc2c64cc0b3c37e187d628bba141853ecdbf9ab70667fb658,2005-06-14,653466,East Rhonda,IN,70603
2de51ce7c0,victor13@example.org,gAAAAABoADdK-UDkMTXD9pbcK0knhaAROdwnN9Yo_jsKKzfElOMvANyAf0s3GJkb0bvE_fGukGBkE-B069irJKzFuzCb78ga2w==,4117235b29a465a0c5f6af02e1cbccf2b03bd7dc5b39dad64386395ddce8365f,1999-08-10,313687,North Andrew,AK,49040
e4c359df57,rodriguezfrank@example.net,gAAAAABoADdK0KR9aRgJWFIWxS7At-iEzaSSZR6mTvj7a5Uc9_1-RdwRgXg376k1keon01b81XYmEO1GRzqfEsZD0nQbrLVfyyhp7lOKkMceUjOhbzcDqo0=,61b2fc154987d366baff1ce1930161efa20db58a544fffc14bd6bac858169dfc,1949-03-26,413623,Lake Emma,NC,07893
e5fd27770c,xsimmons@example.org,gAAAAABoADdKfnnNJCP1aOV9UH3kz8oEEw6etJ8XQcdB03reQ3k1BwdZpmqFySKzMuBK6YOHjr4b9e0vaTrENTaPJqgklI3Vv7H4hCUJ_TMXpRmbq5A3o2Q=,738587f39cb8a559d118213a1562eace189e7f9f7b454df96ae56041280c84ba,1944-03-07,471641,Sandersview,MN,30532
3c3b3f44ac,michele94@example.org,gAAAAABoADdK6ieGk2lR-YUCfYMy0-wP0xhUGM2oQ49dLNgxZ9rdxEsqJKRbsZcYMnBJAt01t9SdizxFISdpTfHQke35h37pkw==,07f98790db6dfbd38043faadfc96928bba3bde85f9984478dae7b218fd479a24,1963-07-22,412517,Danielview,VA,73470
4aaac45935,matthew21@example.net,gAAAAABoADdKkzGeIYp2tYhAdo8dTquh13EnZl-vg2lTv_X4AgB86hA7gvXfJ0vG1o6RR4l-WHlcEM2qmUblcflJ89o3Q5GPpQ==,4c3c26d35b4c8d5289977c0fdb78b96ab8a28cddc67c4dddedcc0dbe5c35e4b6,1989-05-25,556406,Port Roberthaven,CA,11346
44780b9b6c,donna10@example.org,gAAAAABoADdKXAEGdp12cv6PY9RQWP-rM8BZ8Ji1WAHUISHyXyyXKDs3pSJvNh30kRbv8tddRnzqO6Kn771eMqocpA-BomJOg2xlx5Ma-Jtfx6MmxDm_Tlg=,c07cf98eba8d89ce930fad85f13c21e86fd7f49e0c5a3b37da5bcf4013a8edf0,1975-02-24,825782,Port George,VT,36030
97e52914de,taylorjohn@example.org,gAAAAABoADdKzFhtlo32aedGcj_xAhYGUr4UKTEr24NEwXUd3Ia0dKkpmWs3tvqXT8uiEcav5iKYDgbh-_q6B8bSyPW_gomvrw==,a355dc598901935822a6ac62720626a56baed4c9d7b3492bd8901f5c431164a9,1980-03-24,670211,Heatherton,WI,15972
11a261e4bb,jill05@example.com,gAAAAABoADdK6EMayna0kXYY_RfgDM6HiOUOzY0k_ovwrWxOtKe2wKO5bckdNqMAFksyjqFSsbDK4A5sa6HidiHavz_OgutbKA==,7420aef8de2c5ba4405df9d47922d378956092f4adc4fbcc4a279c5ff9952545,1989-11-15,417278,DPO,AA,43566
136446f148,amorgan@example.com,gAAAAABoADdKlgyKMdobiOjCckcg7nxLedFs4Mz5FyyYJWuQidzql28o2blxWSiYAt3ZR6LHrlOYW24R5to9i5lo8P8MF_gXSg==,593cfada7a18753d9c3c4840d827db69054ebab11d347d9e4d6e1f76b16b8b30,1944-02-12,397145,Taylorborough,MN,75021
b5b66f2614,joshuabell@example.org,gAAAAABoADdKoxiwnfxOZbz98zXAwzfg7Cu_xkYf5zF8vg3_80BmxNJ092Ql-MquP0M90LEXghOpQGyYEBCLuAeHmaoCKOQhXQ==,0722f67b30d1fd71312860a75fe67a43bc2fc57522f0e8a8f4a3779b9bd2f167,1982-10-14,945701,PSC,AA,47368
46c21d3b43,richardsonronald@example.net,gAAAAABoADdKno-P2nx6ok0KJym0rqc_cteQYeMbQI-wfL2ba6BCtfBpcVxowyx-PCSJA_dSGrRtoErubTCyR_k9Y2ciiPXd-crPidntGgvc41OQgNBNAaw=,0524648bcb436bd24df5874690c3c3850e09c2b1760d73fa6d7432e1f047d35e,1978-11-23,33488,North Brandonmouth,MO,56984
170d9d45dc,wendyoneill@example.com,gAAAAABoADdKf8suaGcx5FMDQKkfGFrinRH9gvr7bPkQ5FjMGlzFXodlQ9hFIVmOajtyvN90Fh-0CRDNPlF7F5b8jMyrOUFc9ACv91B7nxRIt89OyWTTbSs=,7a831ca5ad6fc2568d0be1fdc7845300a794830274a365825956e1ed7f47104a,1994-01-12,507967,DPO,AP,76713
7b3982023a,gregory91@example.org,gAAAAABoADdKahQ736l4Oia14PFR74_02QlZ8_qBEY96o7ZAbWS-zju4P-RNCtxWF8EITLf39YZEnwOO6Zw4JfspUdhJorkwOzuq0OthmixW4hM4vJ_PvOU=,9c0489b619c1c096a5a73479089f2d788e5455863c4be39240224cd20d63a1ea,1942-12-14,969411,Dennisport,HI,19853
8e42856bca,nealmark@example.org,gAAAAABoADdKRPFD-5dn4CdqKQdy0vTRmBaIxNV_-mkyFhPfitYSFPpjwDbj71kusfgIC5HE8-6i_KyqPZO4JQfQjy0qU3ekDQ==,ec3f3c1e93cb16106cfa4af023ff7daf4150ce941666d8455615bf8780544499,1996-07-19,760382,New Anthonyville,MN,00907
a93b2b7b46,blakecosta@example.org,gAAAAABoADdK_obaWizhZrQnCLCSMUfI-m5I2acEaHt63Y8mUUrfBZhkIFV-PcJai_WTk3nQKYPh3tUFZfhLjHd8HhUwNRdDADcK9Usg7SZQ1KXHSLJ0Viw=,f33ce2c186b7c28b820057b3edd982baac3dd8d527981b5cea54c4ef82e7fb74,2001-07-21,300265,West Desiree,VI,26061
03fcf7f8c6,kristina02@example.com,gAAAAABoADdKo21KfvvOY_bp3bCeMFg57F8dAwsW4-v2DDi3i8ne27tthGoukTKsHcJpOhYYkolim3phob4IMUg0WZ_dcbTbTw==,f7dafa51813df6f0d5ea9cbdd86ea01b745f5e1d2c33dfb0b9eda224cd0ec652,1992-03-29,944967,Rebeccaside,VA,81522
89a4c5e0b3,lynchvincent@example.net,gAAAAABoADdK3PwflPp3g_YL1WbM2D1ylH0eC13OleYUu0_wpelDarmoJjGlNkWhUi-9PuiMOBNHuVkm2ayWtuBBwbhQ7ifrfqXvHv5-rvP6USAp2xl4lHc=,b1b4d4dcb87b08f79f0d213116e198cf8039c4c296539a96e17294084f23c62c,1996-05-20,116282,Port Richardburgh,PR,46763
c05dbe3aa4,gregory18@example.com,gAAAAABoADdKaGMkFXaF1CTUXhDt1EBdHEenDUZTe2Li10NNZ39deddDhZ-G7Q1TVMuJHkOQyN4Frh-bKgHLgHyZCzg3i0RwGQ==,aab13b315ca7c987f4592cf2846f38c9e2b124513ca4a5ac6b26aeec971bdf60,1967-04-20,825169,South Alexanderstad,VA,42210
e916ef92c2,karen68@example.com,gAAAAABoADdKB1Z4fSyxCwm-XhazmonhbjQC86FXbbddwJULSeCrQt0UEBzFHIOB8ZFT58ASQruykvXay_RpKeqkz5K1WxmtIA==,8963759f7a2b1fd916ee5fcc5cc4a00ab6ef02df2d1ec8ef305ff6879fe390a9,1980-09-25,607242,West Jameshaven,RI,33563
05257ec5dd,sarah69@example.org,gAAAAABoADdKsi_90El5X-56mcX2XYwF6KMYrJ33veaoorGpTfen02MayT5dUNlz5oeFPMQY5O7c2TKaHej87ufebKsl6gaqBqQzkt1NFleOi7yhlz3lyzs=,a6b5a9250f7d78afcb025c374cda6f885c1de64ac3239b518a06dfaf080bd532,1973-07-16,981500,FPO,AE,81968
248940a5d2,adriantate@example.org,gAAAAABoADdKT9gEeB2SjZZSlHZpuSmkWEoZpTsKFRXp3KSnhS4AIfja1hpr5Vijp468qaHJoyn1QWldlhjQz6tGvsNjP6iskw==,afb07f1ba15883c8cfdbf6b01b34d5ce14a0621041d463e9ebd31e7848350f50,1982-04-07,349008,South Scott,FM,56174
3a36ff9f97,roger89@example.com,gAAAAABoADdKV0Do9b__JMQT83wP23kDD17hzRvQwf-xfsBot2GtRxl_PINAvs8b7YkRpApaB6-qKz-pmNczlQ_gELHH-k4yx7hw3ENcdUejJk13mxtQmUo=,ffd3ea630259c0df11aea0afb7276a6455a282f9f5a08ef992b82d37541a5d6d,1984-05-31,192648,Georgebury,ID,10063
21ce04963f,perry46@example.com,gAAAAABoADdK22mWVmJFfiuHDmCjsWmBDcaEuEs1EnAanqbUSzSE6JJ1opIl9U-Az0nBbjQDbNQFoDn4dPm7kp2BO_gXKejtOw==,cbb41c9418a063d0111e0c723fc3e37b21086c19759f2be164527a5fcaee4cc6,1962-03-19,977305,North Stacyport,PA,70017
afe38374cf,bbarrett@example.net,gAAAAABoADdKl3dSaYWVBMILf88pk2WvlICeHAAlzdMN3e5Rt4I9xK1m0tAionT2glqEGxAIgxQAVkLUUKeAy79dJJxUUZHJ5A==,f21cd0621981f7d1fec10d78421bdf2735111846029daf9887e2b1177ed13b65,1995-12-10,234907,Smithton,NC,79848
b8ae9e78c6,fitzgeraldmary@example.com,gAAAAABoADdK44m07u0MNduVP-Kw091ls2TfZsjKsFhJg3MvkQ0rq0fazYuBbgTa8Ikdoi0YTlZwnXnEq7OCd7cXW-hmEdZwxA==,5a965913e81ff5f56765fa91e39ee4ac44fb9a540f8b5b17687c3af6e387ab4a,1978-09-09,773317,PSC,AP,27410
20af71315b,holmesdaniel@example.net,gAAAAABoADdKU_RfPQmC0tpP2wnSm9OpWI9jI-OiPTqw_TjWLY8FN_hL7ef4UGCucZtJE04HKjbYMTIX2p_7bD5YyHfoXFBNBJsyoek7RKg8HtfFTLlekPI=,b2d05616b6faf4b815aa549307060a55cf02b9f28603ba73a61e8bef221706f3,1983-04-14,712633,DPO,AP,06809
33f727e1e9,medinajohn@example.org,gAAAAABoADdKjv5LfgbkTK4vVtEVxOXtstEO3WZfWq0-sLMXHvSF6P9V9EcwjNEw1MBLdqXPuqzgmDGJcTbAJJ2ZkZ28pWJENA==,c424304890cda8f912150f4bda8bcaa17339861b8c94cea0014bdcaaef634b26,1954-12-17,103306,Adamsfurt,SC,86102
572df388b3,madison66@example.com,gAAAAABoADdKgUuCGtmxzRjv1UP3jgOUgvL_GUOChopbaUJFouVmfmvandXz2vj_rfa7twUYmhohJ7GE74p8zjowhhR3ZMCwOpn25gITAVPMbkmv1NWr8wg=,9d3a295abfdd2ac263eac031a1d9bf7c037766d221f05fbc49eaec2ee7327500,1942-11-28,796026,Jamesland,MN,38687
2e9d9f7f22,mmartinez@example.com,gAAAAABoADdKh3bG3NTjKv0UAtfmDtzrkAMmlc_r9scYqffT2ViHropfU9kE3dmVto8OL84dE_Ft9J9iiGjBU0f3vpt5MI_Z7jdKlN4CP6ZlsLjjsBZIp-s=,e85959c4e64b78ce2958d4358af98fd54a3d3eee44d7403a5fa7a28e84369404,1995-11-01,508382,Lake Rebecca,NY,22812
8b2666c58a,garyfoster@example.org,gAAAAABoADdKgnwVWkQ20uCR82AujSSKTZU_K2zVkeXk1MieTCsdwPganL9RNNArv2Aivq_ZReiAYqtz-G7ha3tzvPqXY0pocQ==,dfcc5eab762ca46ff44c07446a29a87e4be8eee474983ebe3f12b4ed0aa287ba,1999-08-03,671412,West Jacobshire,FL,88540
575f60f508,daniellesawyer@example.com,gAAAAABoADdKh-eOGn-SoORk-nMxWU4w77Q4TJoBL09Kdn_JT3Iisfh_THWQ9ysKyQfNI1w-yLtdhQd_QHWG-Mqjmv1x8L-7Cw==,1ac0af4f066b4f7c7832ae0df7f5880ad543485d8f3da7d1fcad27be7d216615,1982-03-31,975362,Lake Christineville,WY,98787
3713585b44,nlarson@example.org,gAAAAABoADdK1V86r7W-SE_7B9yHPptdMyzrKgKaoAhtM_lnf7dZtuUWv-teAVNWo82UXREJ-B_t3F5z_nX3qGeww6cbbU10lW105KBRWfW8qcmlP9dHa0U=,1c09da3ba5298803a59b232978814ccd3a81a83bb6dd90f89cf91fef41db96e8,1976-01-29,238746,Michelleland,MP,59785
f51acae2da,littledavid@example.com,gAAAAABoADdKrA8QdyYCA4-gbJRaci0pO4LFBu2nZ7LfX3lFHpHvsBTFX9pVf6hVTpswUkGWcJpRreRF3ncPqKRGEBO1QDmZMqbO9UpCcMaAzLspcMg0HbY=,99af631bcd48fc6c28eb678361208009aa0324d4605d7bc519253f21b40579c2,1962-08-12,638207,Port Veronica,WI,55177
deb8e1f1bf,zfisher@example.org,gAAAAABoADdK2AsRpOadzgWMpJNlZh6794v04PaPu5UTm5uRPe07nZkbOourue2EWSOMKX0bFf2kdEW94Skcv6sPn_Ck3brhuA==,2236fc798f5a75281fdad8d9be8732a4c97dfa3a5feaf02c402bf957aaab07f3,1994-10-17,933699,Tiffanyside,DE,01659
27e51fce41,fgilmore@example.com,gAAAAABoADdKQhBM5sM-AW75sHkAdUnJ9aU8iG1fd0n3ZIYylEEMhICjJxlPXpEl0VekYtnAr7an-N0L8vxITAJF8h1-4triKg==,c18f4f6dc94e12d8bd1ba80407372ff4dde57e053d5472853d3c3786e192825a,1962-07-27,404912,Matthewview,CT,69918
f5b574427f,kimberly32@example.net,gAAAAABoADdK1zc5mlzkVuYBeflYW_yANtu8daYChFAMCGfvYC-MJjxFwRXXkKFJtMT_mYrk2-M0ypgJ_fedycy3yXbTswrAC6HujyByua2_vKvjVSuK-L0=,72cc2c80b15647e4383814030e1eb3ca68954465fa630081899ca7e04acf669a,1949-07-07,342239,South Amandaview,ME,21404
3476430ab6,elizabethhines@example.com,gAAAAABoADdKo-EaTE8ej2JNK6OjQi8NIhCJMZI6gpFkEutv2RZoJvo8XxqXq7Vk_vFbw6ezn6iNAuIN4mlLEa2TDE70baDJtabAX66RKF62U5MDCHnwJ08=,c3714b7c9b5042697acdbf5c02628a99a2813fa581e985b281397c9f030911a8,2004-10-06,305820,East Marc,PW,09561
834196a414,gabriella26@example.org,gAAAAABoADdKTMKjocnRuuG4WXQVzzvTTmMeCodq254JpzQx2yT4UOWG1aEq6L1uPiouwpZ42BLLxPgLPHB2_E_bvMtwyyNcrA==,a00e5406ae0c753d6474f862d604e375e27ea1ac45c0f602ff0c7f395fbc0bf7,1963-01-17,453674,Port Angelafurt,ND,52089
49bc1c1f2e,glamb@example.com,gAAAAABoADdKB1WKJzNDlxbbaCpHiN9fLbVUg4oIW0AQqSVcPAJ-VHzaRnO7WTLLYSsBRQkHzgjkWL5F7CJ219E7dnO3LUKAZMhjQ4nmppwsfA6-R37TaK4=,f7e8c81d26d5b31488c596b753df37d1be68adeeaffb7007db965ebf2731c8f0,1975-02-21,597810,DPO,AE,64267
deed12f0d5,maryjones@example.com,gAAAAABoADdKrYVwGBtNYKxH7Exa5LvH0x0dybfiqSm3pO5VqAqqlzMmO-_tbc6KjVy-K8wmbjOcWJYzpD4qz_9FJatSGQ-gkVOwq_AgmUdQuBe12ECydAI=,561e935df45a66444a63349f5afd5398f6aedc48349d1e798a940bac554bfc07,1945-04-12,885390,East Thomas,NC,16578
10a0109729,nwright@example.net,gAAAAABoADdKqQRVXPRad0k7vTQ_0rSuBXxuGInrEhIMt2ISnhefvg7fqjbmtYw65sE6QitMGLip-IK_gxjrBlyS1Ij63mx5e64PmEABmud98PslU0Wubs4=,79285d060d409c605222e302b4b7c2eb6d3e8bdaf7f2cc3e8e954e98660be205,1992-07-21,196159,East Billy,SD,65859
b98472838b,legreg@example.org,gAAAAABoADdKr2MJj7O0N_TUZK02a0r6Yf8KoupUHSabcI7J4I0a7UplwN-R6dzEco3ldATLmAQ-U8X8GlyCUpezfho6BQi_sg==,0b7631545fdef3e27849ec223dc0b1bd8191171521e407999f3709f392499557,1982-12-02,584273,Nicolasfurt,IL,81214
ce25a7950c,bcardenas@example.net,gAAAAABoADdKpm42Fwy72WsBq75uEns5u1UQN6kgZr0PVwksyiAoU7Lg-oC1d563c6OvICbL40yfHV2MKWErJneEs2wjP0i-hBs5t5a6XKzpSgRe8ixDLYg=,fb7ba23145c242ecf28ca6c43148737b4ac885d86ec71ea9d4780caac252acc5,1990-09-21,879776,Priscillaville,IA,94786
84380a2ec1,peter17@example.net,gAAAAABoADdK2NEeHWFuPI74iKjOmoX9LoEdzA80_tpWigHf0sXZ8tbE86d_zHaTkZ__N6POKY0UtoNz2gqAoKKK7EP6fObvIjVwuU_8ywQme83hxbCnl34=,ddcd1def41245c90372692e48a89ba97c3b9dc637834f5521bcdfaa2446d7e49,1948-01-06,52390,Bretttown,AZ,88166
5e230921ea,tina64@example.net,gAAAAABoADdKi2K50LYjckP4eEt-ZYLYp1JeJK26Ux4sSt-O_J_E9CwwnQew4cb1ydG86nOs_UJ9vFRH6Wg0eibrVDvsXchatQ==,72c08966e2767290d466955240bb83a42e185dba6d5ad9d09dc18130fdd176f9,1990-08-14,466178,North Dustintown,MO,38295
a7d17cd922,shelby91@example.org,gAAAAABoADdKs5Q0SAf8KnclVz-BDrH5v2MLV_BugGj6iqB9L2IEdiqFyOHYSH_X_5znOXLw36xtgWZft82xp0YQuQ9aq1PzWg==,4336cf82b37cb9be84bfb9bf6fb836fceec5258902e5882b3d33e0d7d53e06b8,2000-07-25,559999,New Jade,WI,75345
ed5df74302,glen86@example.com,gAAAAABoADdKBpG2ljlUX6BDdWuLHhj1UcaCdyLDxWlkDSMXgJnsRbMiyfB9087bu6ixqoBN0HUJ85EfGi300-vr4mtAUN0JqQ==,482e2a0848d0dfe561ce17b2118eba36011818e29a30bdc2a796a8cffd3ca959,2004-11-11,954526,DPO,AE,78686
98d75660e0,barbararobertson@example.org,gAAAAABoADdKZ-U07ILSHtaq9--pc-cAoHLfef9S-iuJic1LxMnMVu0RlRAiFFUScz40yyxP4F8k3aSwiyOJbIwkR5XOTfMjjw==,115e1fb0a5da468c2222b5fd58ecf4fda520d513e55ffaa8b4e496e2674dc547,1969-07-06,753457,Mariahaven,UT,19598
7af329a24d,hbrooks@example.com,gAAAAABoADdKw8TxbyvBewRePIGwa--CFfKuO6ePC5hH9ZMb0cEWOG9zg3FNnXHgqsJRvnRKVmJY6ksP0VrxEjcuAuoOOfIMwA==,5019638f65014e72cc947cc9f90addb95fa8d19dda822247b8141f2d07b52792,1980-11-30,999350,Kleinhaven,CO,74124
5d7d0f23ee,isabella54@example.com,gAAAAABoADdKjtaZsGuysyE1IQdkLpLqdxHUZCYXjGcjipXxta82X0wn1UEqjH5wpOo4JozEzPg-V9U_SzcydY0i4O38H6-KbQ==,8db124775e75d5c385dc196b4a8b784d1077ce9fa03c26589a8a34fbab631b44,1999-02-05,353723,South Frankstad,ME,50416
d873d536c7,iwalker@example.com,gAAAAABoADdKFnWwjGcHf_F6sGyQa-6--nggtm6Uzsrl4ILiEDpsIgMGMH5Py0aVyzNQ2GL02Je-mkPrU-pgEJ-qd4JjtsqqZg==,f97f548464356eb495d24841434ab388dec17d96f9d6085881313dec7d08dcb9,2003-07-21,857020,Harrismouth,LA,77421
9300960200,lambertterry@example.org,gAAAAABoADdKUBKhNy1tWL_ooMuU4UAwjvPIh9Naq20vXB6xLmHG8TNb2ysXrtPDHZEpGuDm_vne04CRxkFxwvRpblhrniBs8azAmowGhVb2U60McuL4A_Y=,c2cd0c399e909700d4ce1bfac6d01c40edcb1a3a45ff0646f2b6bb9fcfd5314b,1981-02-23,412362,Port Connie,TN,92142
060b7d0b21,masonzachary@example.org,gAAAAABoADdKrDxPnDNr7nwujPUuy9-29exmUkKHTJKIsTVrEN8KoPJ_sEqjuuc2WTrofkV19VBOrxsvTTPB9h2ndT4AxRVLuc1SiEjVvsY7XM8FgB89v8A=,bbe92fd91446cbc9c2246bd4de35fe9da7db8c299cd588dbe2f68effb42c86b1,1974-12-19,608338,West Erin,NC,03684
d24347b725,kathryn61@example.com,gAAAAABoADdK5K_YZSZ-iwtommMTmlzJWe6QrBInhNGn_eeinQ9dQzlAWI-LLw_uvO0X2uydfG-ExbFopCUXgbKlM2Nqpcm5hGWEQMxLA6tfmacSJ3xZt8I=,adab8516a444c11d2d6ab22ecc5c53d7b29625800026ea785a29435942a249f0,1948-07-11,425536,West Darlene,CA,43095
6cc9d35e5f,rickey54@example.com,gAAAAABoADdKOrpabeAs06Aaxzbl13mBoreYwND9VsUxEwk9_wygNiM7rJcIRL4wSOCDpV3F6X6mGnTIY7Tvp5VIjUrqLPtOKh-GukVAsBOIWRwKTHY6kmc=,89141ee655d552104a7cd3dfd897f0b69add320dd7b0238f356d2dd1c15ea0db,1983-01-16,161725,North April,FM,62956
135f0c1434,saramills@example.org,gAAAAABoADdKeTu2OzUMNq4kM-fB8eIKhRjybh2TZ3Do45TgywIJAhWxxuA7W54kZnQp1etgqSOT4wNr_7ss0xkDvhc3vGChuFmkqbzHIyD4PLCkGG6z20I=,b7389008f8f97f6abbf141297b48bad665063cfcfd5190a267098529dd30167d,1955-07-08,674298,Hebertstad,NC,61915
f9ceb27450,bhurley@example.net,gAAAAABoADdKpWD1Rw1dBDizAe_p-D_46n4JlHsAPOXovL5GoCwYkSP4J4a_UAFCktmHZwsxvRewJD92ntNGm1bLSse6v5s0ng==,0bb98c2dd824c1920c791a0ee77f3d8f568eb5354d495ae66710d9abfebd11a8,1943-05-05,610053,Halltown,IL,04874
3103525b43,rwilkerson@example.net,gAAAAABoADdKlzrKVqHP0KkUqYeTo69GTrpK05mUjAojIOpBbtLo2XJKs-DtEMr4jtKHHTilEO9KuO78DRlrTL3mtL9x1uVK8g==,07433bd58f726abcf4176ab2c1ab7d4d48634fa2972a0a7982b7840eedbdeee6,1984-01-03,124812,Kylefort,VI,65779
18b613396c,anthony38@example.com,gAAAAABoADdKgor9QyJwvrIb62CMaYV2gfmSPue5LDUqiMm2awOdc4ixNbf27dR8QnCKLVCCAXnoYmhm6kC8K5npy_AJS7UlfprstN7VSJXc-pK-drDuR8Q=,bc5834f49216f27eb006269309058586162e2d2892ef383e383d5c2a8daea414,1950-06-28,727476,Solomonhaven,AK,60469
497035587d,katherine69@example.org,gAAAAABoADdKEEuzVbsh2kyOAsYYGND6QfOSQZUNK_MmrkC9aInhKr-qAes2eR5K4a6u50xFLp8c45YNE_Bli8MqlEgU984T0nVkLIcaKcKq0Nmh85wilJA=,b579ab16a152fa4c7bc3ade5a0639061d6148abdffd6b3b8ba31899c2f3631a8,1948-04-20,520253,DPO,AP,54231
236f3a9a81,marygomez@example.net,gAAAAABoADdKEerzaGNveq0KriLjhtsP2d5c4aDjkrw18-SYamt0k1Wsl_0C8SdAJyMGNwJVTP75ALDYw9zhODWddatov2q6YQ==,255119b73da6b933a9801a5c97ebd69eb4dfc822821300034917919c7438ac63,1948-03-06,694336,FPO,AE,65291
9eede5d76a,tramos@example.com,gAAAAABoADdKUVhcyj4DUzp-Qwtx6OVGpdPRgvGKbZZt7YQf55_ArhemET3dUMTOqM1g6jKvRTtpfJOIN1SW2FS3SlzTsJ285XoBsW0KrvK7MWf1USSO2Po=,6b1e541f52f3a3701deeb7783ff9b16c182457bde525b016ad110e88dc45bf15,1952-02-15,806807,PSC,AA,45036
addfe73cd0,isaac91@example.org,gAAAAABoADdK_732vBSKlpjRj5xQUFBdUsI91hYzWKNJwogEDL6y052baN-h9jVEiH09eDGA7-iN07wZJ0ZM4eWTwUxBc-ltgg==,86d85b575164582d38bdbc579c6c9b1c36a29873892bc3e27804c787b87c1e53,1990-06-21,603242,Robertchester,VA,09716
7fe1373818,umccullough@example.org,gAAAAABoADdKfQUKmjbEktNGB_saSanEeYuwNspZAFX5QmawGOsdTkIeR3nTQTqX8kYy0_L8WQnm4k7ppge5_pFS871NlqR2aXOpqL34mcD_O7CSnR9iAIs=,8e0478dad7b19cbdb3941e74af7e4cbb865a503afd803875d85a790b1a625ebd,1966-01-26,364356,East Michael,VI,49815
e4e2c19e0a,nhaley@example.org,gAAAAABoADdKyvpF9cV1NeEB9dEggR-Rf5JTt5SlpVA8OxSpmptUyzL27dKQyC0BtY5B-HYcYczG1QlXvcpP5BWV5qXV4k7d9qVPvYGtQA1ttZ492sllmqg=,d29cc5893e63ecc8997b40c95d6a903ff8a662a075ee29f286678c196f28de50,1990-04-09,34488,New Brittanyville,CO,83531
11f3dda2e8,colemark@example.org,gAAAAABoADdK4mdF1KFMNQiM8zK11O1x2195P_r7AKCJHlOLBenLxxePoWjq6OgA8lKmrhKw0swoXP3jXHSc-ia2DsfxRH4G-Q==,fbc1190902f56b64c566b77ecf478ebb6ae314d411cf6a47192b2051e801aa2b,2005-06-29,48918,Richardsonhaven,MI,44689
04ddde4d50,ybradshaw@example.net,gAAAAABoADdK1ael7E8U9xAxH_jDZJQHcsfQ67f35Z25sRf1LFFJIFFHOX9uSJ_YkK-5KCDUSh5uqkJdqEWBZGP6f_arpLh8ng==,e18a3213a1ad87f200da827ef45be6ee524e33a6e964c408d2710a88d0275755,2002-11-25,978712,DPO,AP,01966
b87e1a6a13,gregoryanderson@example.org,gAAAAABoADdKwKjS20LHWSLA7_xssz2Z3eehfqrjEI60l8Agjl9LdQI95IrIW3Md16Bh6L0TcJtjarob1Xfld5lTILexWmaYHR9L4JGlyGt9QiLzwRzMnQ8=,7810eccc333e4fc4b92d8270e14eb2fd990e8ff2c84880ff8063d8af642b8b48,1958-06-18,734748,Phillipsport,GU,84939
9046d890ef,danielcontreras@example.com,gAAAAABoADdK2XKBiR0oMOJvIjJ8nEmsnUc28Ukcd39ZEnmvay42EBoMygvoy6LoqjVQoWfxV5KR-bFfq8ELNSff6c6P4Pm5YtieC4EOHwH4v-XdxP8I_dk=,b704dd2613f02381a52e2e0e4eb612ed88e78c8cd4da97eb694a3608ecf74547,1953-05-11,527773,West Earl,MH,63414
c739830cfb,jorgeperez@example.com,gAAAAABoADdKVYGDqxyS3RHaoRiUuPOm33L452Q4G5d9NK6wm2yl_vVFGqSjnu3y_xnEhnIUgTK_DPeCgs8DP0-GPYLJDZzC6Q==,905ce3c888a5315e8e8d5a0714e64ec41ddd9c57187f115380ca345ce2fc1738,1973-01-07,742053,Davidchester,PA,40053
7da6a82a75,bmolina@example.net,gAAAAABoADdKlDvMZPGNA3FjXqZaRoXmdnZpmjVdzQI-eAB7mWn8XW_Z2wH6_F-skJK5ySdQZQo4OQFWr1UkCFj594lfpRN1g-XJlgG3XzKpnaad3KDjxEc=,59b626affef982f4be5ff79634afe3e68090b340ef39bf8bd9780361eb583cb7,1975-03-03,101181,FPO,AP,57685
4571560e75,dillonlisa@example.net,gAAAAABoADdKFNcKqrexy9S4mi-svmXjL9Ch1BzOAggjJ3mste8Q5tVoZ9hx7hqNT2e7Zh9dOdXN_WSryr1acf-nsdzz1rq06g==,2c81facf5550b0a7241ee832798ad4fe7d51f687a63f1014227ee359d80dfd3c,1945-09-25,978158,Schultzmouth,AS,79217
091d05d518,ejones@example.net,gAAAAABoADdKNx-Ce1aWQw5rVyNMpBnAGzmndJvmX6gLC9ziuinspEE6OkxjJ8b0HAtidujZYcJfQOARrnkK-M20dJ-7ZbUvFRQt7c5cBW7Pgr_x-BErHBY=,76c9920f9ed40912e57b0f11281cb673f96126ed9b7afcec3ac2b67cd8587c79,1968-03-18,476616,Karenmouth,MD,17844
aee9c3725d,amanda82@example.org,gAAAAABoADdKz4PNBgNFgKuQ7IaGv4ssGiIjWGNS1clWwdufkaCJzkwFeMflilAQq4-Mo1EsCyZI7H1u3BaiXdUORJGTwb02QA==,2fa5a90df3b3a7a3d29c12866db51ac93aac78ce6179d9f2b3885d43ca8f2c51,2000-10-31,714633,West Michelleville,NY,12224
dec4954ef4,luis81@example.net,gAAAAABoADdKakLAJugl6opuuwCMUMBOjbBc1H0O8YrrZfkUw_DaGCQo7yU0gcg-IJZWCd-JII-HBt4WaxWyn5BH_6EeKNJH3Q==,9633a766dfcaba9c37e1717de1bf00c5814617189eecf011eb8db5e1d5274096,2000-10-03,691362,New Brookeside,MD,60691
7874ea05e6,ellisthomas@example.net,gAAAAABoADdK70Xjw2CWGIedaAG5oGQQ4xUh3S70IjY1ROm_-7UxSaqqHAAtVcGqkSQPUkywsueA7bX5-3yCULHTWyHTPv644u5_2XsAOPGYopfMUEu6ghU=,89765794335d7d687b56e2f5b5412d9238f79feadce69f5eccdd795a45209401,1973-08-22,19469,Maryville,ID,18768
3c695c30a2,kaitlyn98@example.com,gAAAAABoADdK6ttyzHRo-OQ8NTKa5qDp5V5kU02cKlcWmYKjSkirjn6bRlxVUAucbRAy6OXLw9vaPlSCXD_4TzdW7xqS2CTt9A==,32838f45a1e27440f32403df3d37f9d6e5301e0cfd2337af2472411c7cc83efb,1996-12-04,745027,East Curtis,NY,83790
70d2b8c546,bryantsharon@example.net,gAAAAABoADdKsLbaq2fem9XhBpUTZIQdVcLgVId7StQIglNPwoEKryJxSrwcMKHbrvJeRwHGr_hzpb_hKXB7lxrHv8-Jbnp6-g==,d8078cd964ce42a3f2d8a5ad5144f3f82b5731d95dadad8262b443fd426076b7,1950-07-08,605760,FPO,AE,64578
7c647e350f,charles05@example.net,gAAAAABoADdKGnHX7ES8rUdR3MGnflpkLcNTq8wQP_XPiWP28IpfTxDny1dkkQjsL-a5sJ34kWyO06gP1BXFqo9k8f8_w3ZlnA==,687f6ad78b6b177ef117c64c2218a1b46356746b457d77dcecf1392857e83a06,1953-07-03,649188,Lake Mikestad,VI,66582
fc6714059b,odouglas@example.org,gAAAAABoADdKuVPAWQZJ8HtoJjgXoTMRkiJBnsqSiwU83v4jj-bUFJWNG35fivlMchtoVBRNaykBi2rwGOLvHczJYXmicrDM-hMJ_RJXjtNw0W9k8DGr_RQ=,e1a97939ab155f4e758d72d11217fe3a0e4a74d49a25f80920d028e34cf82496,1955-07-21,224321,Lake Brittany,MO,32153
f54a95e87f,seankirby@example.net,gAAAAABoADdKL07xxGLCMxguYBVNYfP_D5WoaK8ukaLQtc6j0qhEFVcKSfHU6l_xvWLAIv4XbcEL3i3T-b9Ll7OYR5Rr3bDY3Q==,639a585df4de251066f44189e1133620e0d660dba2e6d704b5e5378caa703eb4,1974-12-25,743268,Port Amberstad,TX,26623
703b1e4264,johnsonemily@example.com,gAAAAABoADdK5yrlYQYYqUzMbMOovFqeFXbO9482EARTO7SQ8lS0vEv6WPzs43vxmN9okMS_8t4E1V751KZjlgtRndkyKH-iXg==,92ce3fe329412dca1d3de0f43728e49fad3475530396bd777990ac17cdb56ac0,1966-06-30,273057,North Sara,PW,81388
c27a784f4a,reidpaul@example.com,gAAAAABoADdKeeFYrYPMcZNfNX9I-zpCUQpebHeG6B4i4tHw5GXLHXsLMuvXixVjYzLLydUJ97pOYjTmGiqHNLUT6MK_l5rJOA==,9610498b4164a736797d5b95e39f4be4c6c0a350b2a8609bf9624f6d801c1d48,1987-07-08,224094,Sandraborough,WY,82387
ee50cb81f5,kimberlycampbell@example.net,gAAAAABoADdKPvA3Zeo0cEyRknaBPgZzftdPLX43VAYlOlb4s6ivEGLab0_n6jqs0Fihb1TcAhsoW_4esJ9uZGO0Sdqthymm8GwtpBHhBHElcgOGbhg2Jrg=,b047e7a984e079e8ce36c25a289008bec476500cdbe5661afbadbcc1391efb7a,1965-11-02,697276,North Frederick,UT,70632
a866df808c,williamsjustin@example.net,gAAAAABoADdKXcif19TwZwfOjFRc28RCGGvVpu7SvL3w6bX4RfqONBmD6FtQ_DYNl-sPTNdpZtEJkcSCpeQWFdbHE8OBjBdzOw==,1313e86368edef1f83ca98169758f0b0ee08c6836b2f5df326e09b0caa191db5,1944-12-08,940472,FPO,AA,52489
dddfb1538b,jessebenitez@example.org,gAAAAABoADdKV0Sf8p9MJ6R_WnVfGkYi4tm49E6kzifGHUtC8zvCfr7xB4LHfsr6k02o_zarQTsCw4AHZjxHO46haiyh8huvKIC315QHHAqMd1CAN68CFhg=,eac5909c7e0deb166bb78152ddd6b0b79b2f5160fc5f8c3c59cdb0ace227b62e,1976-09-03,657443,Lawsonborough,DE,21718
42a48ac38a,blewis@example.net,gAAAAABoADdKCdFblQ8ZsIpCmbmUU-BgA7-XaVh_rSoezCuhWo4Xfr7qCBvXZgvapAligMNQqBs4ZXwj_lh2LFyTdyg1UWKzpYFkPaDlIMYrGM23Rv2-A1U=,b76e4184a6afaf12e90fa2f8e2634b06f4f129d2a16737251f01d2b69a7444a5,2003-06-02,608271,North Randystad,LA,71479
155ac07c7b,mcclurebradley@example.com,gAAAAABoADdKMpvo4Nc58WD0MqBrhgv1lTYnzxfW6QbdNeQEfijw5YApKlbHD4M25rHsQUOgRkCuhx9CwB81c95zoJwpn-mqsA==,9f80bb21c15831abfdf15f3f97356ff21ad33377e9405fd682eb4eac2b86aee1,1945-01-14,447748,East Jonathanport,NM,87003
749e9fffea,melissaroberts@example.org,gAAAAABoADdKxZ_fgJCTGvQAASye5aiVF9y4qQCB_fwqwHCNI-bJbIT_lSpJ8ZkP0egJJaR16OGZBCeW65fYRlBPMooamx4Enw0lA0JNDWSSOSfHmdOtTgY=,f17a39a28d1296d628d0dee7923df9df21b0bfbbaf81c52c090437806c00b244,1981-04-27,728552,Carolineborough,IA,69950
751dd88ff0,jacobmills@example.org,gAAAAABoADdK7kY2RMYNTx8roWJP1O0cHvG_hWK3R155J3S2RewDulVkqtAbpj3AVHMSisAEYFP-YuTXoRjTJaB0gHg-kj_knKY-cr7J2taTgX4nt1t2Wm4=,e7839c8af6bb81c8c85bd87f25084f441c4c2770c90e37d2e41d9af12e3bd59d,1959-06-11,775351,East Alexander,VI,20150
352ef85594,harperjacob@example.net,gAAAAABoADdKINSZKNN3Rtlk7klNDqisk2xNmjOPNfbxE3ozhfCjxvwjaO5bFtpijT6sj1T6-L5r1HmbeNkm0Yr-6nAR6dB8kQ==,5246c6535bdbd55bf1b8a74dc6865ee9d4667a9b96d1044f517992d8ac725863,1955-04-23,949024,Fullerton,MP,18250
a2c5a15473,sweeneyjames@example.org,gAAAAABoADdKFQoJYbM_5hjUS4oOAQcrq4wpDwz3oACJjk6-BOoX7iIuWDIylEFP8ceA9CAM25rU9ucyx4VtK671NXnfeiJxqw==,64cda32ed1a79f01c58e8b161ea36193fe628c16c948b56e5b8ea81cf685f8a1,1969-07-31,801003,FPO,AE,97874
f7e7ce8f6b,richardwarren@example.net,gAAAAABoADdK9nXh9O-63CguTgKFRrJgnW8F62GSE2BBr9PfDCWUVIxFIQau81qrtpwSsEoHf1oFoxM1D1lbHF9H_Unj2SmMog==,7e2d9353865e41b66fd833250738a012b5af1dc2b1c48b0c51703be13db47d0a,1977-07-24,852561,Carlaberg,NM,83823
33d8b4b3cf,seantaylor@example.net,gAAAAABoADdKbxz95JEcCmb-eg3EKNbu9ALSnLzENlE3zRZflMsL2VUizeuwTdvlCYm9inhJqNhYdvL0JkS-aTbHEHaVsNF0ag==,56a32a1e862c228d55952659cd8ce3495af7810a6c9dfedc75812c773b086705,1966-04-16,304828,Annefort,ID,16538
aacfae49d0,chloewhite@example.com,gAAAAABoADdKyEU_Stldmx9V6fxn1hWToBquV0bQ9q_k6zft521WIAPmcyx4MzXc-9KJw1bHEY1NhqHUCSXymorm_6BMXj2cwg==,b8f79d4b74727e5143c3d22e8dab924223eb3cf34853dcbc343329bafa524538,1986-07-23,560975,Odomville,KS,08715
604491a136,cynthiaallen@example.com,gAAAAABoADdKK61y9P6UN0eNEP-GL-5sDo6BpiB_V1KL6HYopMlYBHXiSLriUB4t0fXu5Q3IRqwjPLZz99GAeRpqRa0Qws2iD-yQcOUceaVBltYpIhbhkYg=,a9e3a26c179c5ec555d7cafa637caf4336d9fb83538c97876654c356b09f26d8,1987-11-02,526046,North Heather,ND,15516
bb03f4273c,connie52@example.net,gAAAAABoADdKIvmBWRTuOQ93wHqtbgIbo9nu6OdTTqz276wjI6MHOwTML2pciYvbzNfh9zeBR7r--1KaWQIfu3nAyMqC1oiioQ==,bfa3a7d5292929352cab310f8b644e4b17dfd24bea7a52490c3e8aae33de5316,1989-02-14,803098,DPO,AE,32791
af50f318b1,wilsonsandra@example.com,gAAAAABoADdK3f1YkOysFOU8q0forDuJJaRwdtrGwSEIgAufvXdNxNc9cD1aS9Cld8P88XBO8BunFaZgEiGWnYe6gAao9qenzKbq73hRcMO15_TVCIX0ELk=,c4ae616996d25f75dd3866e275efd35ad8ebfd52a14b15b9da43059f8f36885e,1984-01-04,124632,Benjamintown,PR,01267
8eed2a705f,derekjenkins@example.net,gAAAAABoADdKr62tYx73gPw5jT96LN4M5WwqTK9Nknm5mzZvoZ1sfO1RQu8URJg2UXSa5-qKnCG4ygF_yTFkboJUGiKS1GzWHJ1a-90X96JR7t_gqp6YMRQ=,c330d2496031045f4959a8a26d0dc5d03d02d3eb01a2a47c081a99dd40f4be90,1943-03-04,851024,South Megan,VA,97491
9873b9451d,amanda12@example.com,gAAAAABoADdKIlMmgSBItwGXjvUsYeO2TwvUeiVyGrU6V3ULYt1gmC6s_2ClW93k5-IvQ7mWspmSQCwV-ZCAlkHplVa5TKGw4PB5IkZ0X1vi-xLV3HJwBxs=,a6a3781a447e6fac1d6a6f61c95af5a4af466b422452621ba8acf6aa3edef918,1974-01-09,769270,Deborahfort,CT,56812
4ee84df6bc,kellyjacobson@example.net,gAAAAABoADdKMRv8hr91GrlyPH7JsRKWFf6JFowvj7_SOXALG6wA-mYX0T8DhfnkruwLErCFKqC3pTS6b7YaAHXaFqoiIbeZDw==,3298c63bbbfbdd27b0f8bc2b9f9d490ea612ad6a4e49d8a50a80f6c19f0543d9,2003-09-06,180049,Morriston,MD,79014
a8182d3195,yvetteallen@example.com,gAAAAABoADdKXH4ABGVp1IiSXi9u6wP5Q-lPu48I5XKbREcfaQWUw9vHCBLaoiTWkAodzqQBK3rEn5GzXEs2p9arlWSktyv2oY8yEyuQ3OhLq8BYunzLiEA=,70d36057eb9d20fab7936dad289b3f8bf7a3dfef0d96770b0c97505dc45bb5f8,1955-09-16,951162,Brennanfort,AS,51116
1fc045ccc4,steven71@example.net,gAAAAABoADdKDW1q5_5KMw0PB-eSaSh9PYY0mlroNs2uMXyezmMoPSov9ghnoFdpz-wcriT3rROVn-JAeI-bNM18ORmIm1fI9g==,149b349eb8c5c324f17d10976ae0c82bbc02041a8a3aa08f8737b438b4e7612c,1997-12-31,205906,Port Evanville,WI,78281
3af9ff9850,lawsonlaura@example.com,gAAAAABoADdKBEIoXTXYt5vKJMB8j9ZfJcvjBXJ2NpZDQWPgSh6QHWyuVrYZ2xxEtgT_R_1enO1h8iEvxZ8n3tGc_Jjx-nOpq3QrZZCd5Cf6KNgYuBTMQJw=,17fb67475a5cd5dd2ee30098251d6d3b6623feb0d67539762603651ac4a832a2,1983-10-05,646485,Port Loganport,NE,65506
d6891ab985,gestrada@example.com,gAAAAABoADdK1H2UGw5mR2l5tmxhJvZmLOIOzFTTwGRs53gm9LQUiXIFcFSCwWt7INC6arBTQg63uU6GDRC6Mqd8mrvISu8jBpjrQg3-zBNGJYZnKu2GJ90=,5c79d47e6b838faeed3f146dbccf9bfa7ab61542bca5977fa13f8da871b91caa,1987-10-23,293921,East Joshuaberg,FM,52471
7091e9d1f6,aturner@example.net,gAAAAABoADdKUWAnUWMcQPAwAaeiDvJOHfWLBXqqOigq8Wk2rEVE_7mbASpSzDF06v6BX8-ULTcoxv4Z7y3T4CPtvOizfDD0lg==,a85b0ebc39eecd26327ef47bfa4c730d9153210bb9bb7c1d8818c617fb37ac2a,1973-01-12,721929,Jessicamouth,NC,77567
8aea2eb669,erikgarcia@example.net,gAAAAABoADdKEijfd-YAi5En1yefVf1vzaCcm7myb1B8KzALaeebg_0i0ibi3CYyFexV9O7KTUl04mH52iY6-6kzNvwJgoRNgg==,5853ced99403065e3c4c7fca2fc954d777e36917230de02f8272d1ff1bd8d5b0,1961-02-22,90227,North Laurashire,MI,24749
7848863733,erichard@example.com,gAAAAABoADdKxo7GQ1eHEdyGgDcxXe00ZB6MLQ2ZZ59fRxusHNhXNKdbMQU_sNr5K2SJQvaCFXUcLtPoVYLVoFmHbBmke5t6Bw==,f3eba8bdb990306c04d01bb8d11b3c7e4d7aef161b8c55156d580e6bb2af044b,1946-04-20,154529,FPO,AE,17832
91ebf2b199,aaron56@example.com,gAAAAABoADdKOJmiCtTOMub5DZRxR7E8czQFO20MiWThrcObC7kZzVMiXvS8LgAsoaKbeYf14UMsGha3TB95trmYnDhQAJwxSVPvA8hC-KL0Hq8R48AalMs=,7879526204753154b119165bf88bb80c587f2a7b49eced5e9bdcae4f1cd75674,1948-07-27,302103,Jonesbury,MN,62269
7363673053,mary91@example.net,gAAAAABoADdKNCE3vVzXQbHM2EpvCV4gWzqaPPpN4HkpYOTfrFXwA3phfhKQthRRsG6WziJEgjnEojHM8bL_XFjlXo8q1d3uVM1jc4wa3ZG--Et8b4Q9yOo=,564ae7d346a25a426c9fc9fa28d81e21702b304addb9bba8ca523de20c485926,1969-04-24,195159,South Mallory,TN,87213
bb16b4cac0,thomasparks@example.net,gAAAAABoADdKMPjWRG7J7D7ZQZ5IOfSYoUAnmH2jjjTXCdLfFG8CFJVAr6T674fYTlkggToleLNulMNNusqE63lHMe97xla-ZA==,767b8eeb02ffefd4ea32363b26cfc484ea1fdc703391c0f559b4e12c84f6a462,1959-12-21,866188,Brandtborough,MP,31238
aca9a4894d,davidmorrison@example.net,gAAAAABoADdKDhmSqq0ilz9O-b6MKqgU0k7SiLt9eJq-oJjCoEJA1zcHtQy8cm-N6XV-nJwF0zOb4GGxgqP5Tl5RJw0F7MHlXA==,4ff74c5f9f33e6da0115d87a3c4ff78a7babd337661e83902e294c0f76ed33ca,1992-09-10,398574,Nancyview,IA,22324
6a47b11b79,dshepard@example.net,gAAAAABoADdKQMqMYeCF13nastBYSox7g5e_0NbhzGsDWjr8otksQo4wCO8RivfQxup5VT3_Lbem2vInAyr62fOMyveVdL-LNg==,ebf22683d0f6df850710279d1e639f5b46f3ae75ddd1b520ea7c7517db25bd97,1949-02-03,749699,Lewischester,NC,29231
9afa1f0330,slee@example.net,gAAAAABoADdKISX6YBKyQ2y79iMlxGRcFdmabwWsA4h9bfuvgVogyUZbI3Qk7LxfJBSASJSefKXdFGnC8Tag1BxmbVxpwm_7JA==,b99231437b7b2f29649aae71d1fa380213e4893392d5ffd8cd4d46c6bbaebc14,2001-06-11,805926,Garnerchester,PA,25736
27c62fde0a,huangjeremy@example.com,gAAAAABoADdKgGU5yocQiTZxkYAbanwxSe-DR3zb1yKUH01qx7cYhWl0kp1LkW_Yhq6a3Xm2dT-og8aPvWw7mwNDY4nXb36mFABi5KA9fXctImgr2useLMM=,377175e112714af6cd96c53e663c4a6af49d37690a1f02e21b442c098e46be5a,1956-03-16,563674,Hurstfurt,MD,67987
55dbdb0e0a,dcontreras@example.net,gAAAAABoADdKSnlTNTxn088XTikFA_c7z5asM2WQDmjF73t6y-Osa3__zY6BMKUHeAYAfDrJ1z7CDC1RiQt0AQjlgEBDWVFOYz66O2eElcY9lGFdA8dA3fU=,c7987bf8b2aac4e52179da2b256bb04e927701cb112e48940b19af313db370dd,1953-11-11,86619,New Richard,VT,84998
e8f7cb6f5b,coxsamuel@example.com,gAAAAABoADdKiToMinBexdRuoCA9JOr8gZt9lGXNSoi9YqhN7c-zoe3X6Uc08LtLEIufkfqfbDuid7tNgEU-BqNMrH_7p6KSkQ==,6b221092193f2839e96d6a2a4d837bfcddc3044d1702971d79491b47a24770fe,1972-10-06,490181,New Caitlynstad,NM,80864
f9f903de58,aaronray@example.net,gAAAAABoADdKTAqiNjitwoaIxanJRs8WM2amyHFJuN7K0kSkCcKuZMIoO4ax1ysSo_zScNNsEUH7ht4aAbUO1fS9n_KNzf6vtIJUtRs9QGu8tNW729zQHfo=,d950ed2c1de4d9fc6024fffef688be28798c784c5fedd71995e6d152c1019d3e,1969-08-23,395805,Fowlershire,NH,35740
d18de0b897,ymartin@example.net,gAAAAABoADdKoRGDBR4lKcJ_CyYXfeuQokSwgitRMiGGLtsP4UmI5JqY0N5P_tx5J2H1G2-NLCYVKcA31jX_rVDzn_XkzgCv9si0xaEAsirSQd9TCN5ZPlk=,687e8ee116bcc8069071344e3f055f5297deabffffba57288af8bff2b56fa2a9,1955-12-20,127267,Matthewborough,OK,24075
ea7f7b1440,donna78@example.com,gAAAAABoADdKDWRu_-FH2GhVEkO55DmHfn4LgG_Ae3Q5NRc72MybRC13i6rWrH3bHfCG_iyIGhEgzPcrE3w_2ysJdnW8QXuRWw==,b28ee4c9bf802766f3fe26ddb1459d9bb1d181c2744ded0f9a2ff943e461e083,1969-02-01,234996,Alvaradochester,KS,92297
8707b2ca92,kristin73@example.org,gAAAAABoADdKTAutlhVA57kWdyP4-V24CFHvEJ6R9YG7B_inyxTwKeYLPGQlYEVCyUNgPdktd74NWMt-T9eO8CaXAmk79RRSsw==,9ad19fb635f4ba809e77623415797b6ed825a78d78c1e4c2d586199d609b335a,1992-07-23,752500,Tonyland,SD,17818
8dd56a5758,odavis@example.net,gAAAAABoADdKRw5NtJN3xJ6FUJT7cbzTCsC82B8XOI7KDvKWgRO87g-A5184bMtUIx5gI9TuZaC6wYFjEKJ-IucU00ufNt8ALg==,abb130e9a2e7b56397081a652e315f309082dd0b05c3383519a6e1a10b285c68,1974-07-12,475981,Rhodeston,AK,22221
ef61a579c9,kristenlawrence@example.org,gAAAAABoADdKZEF49SD31Pz7KeJCOuwMtyjhaBR_EK37UsmmC72Uu2iBZ91w7RzF9I83da3qiXZ_tOjTF1Y4HXVuKTQazjqpSNvGtbRD2M7hxYNdpIsCGiE=,4d32cee2e55c337aeabcfedaa1114dcf28ef939b61144a2817acbbca2b63a6d8,1946-04-25,3131,West Evelynberg,WI,81326
b44c8a8fa0,nicholas23@example.com,gAAAAABoADdKrc6EKg6J0AokDkUCTg-rW6o0fBlsui0punhTnlhNEMBn8ioYm2gPdqbnNKhUdOWoqPfC5hkH3C-0X_bMMOecfbHopQqr2a1ejGSOB8MF8B8=,840ecf35e3299d665456746142a8665a279df8e6fdf328a434ddddb2ef7a967d,1977-12-25,138202,FPO,AP,04770
38e957fc11,egillespie@example.net,gAAAAABoADdKi4B-CcUiXEmQaZLWB1WaDt2oio91ZPKd9oqhHit7RVp7WiV-bI6OWII4AFi0VUXE1-zkk-jHrNSNAE81zWBi0K7wJwfTXaVVuKGBu5gCD_w=,5ba917bdd4f5256a7e52a1aafb5fc41a0bfb9a2c86b7f424e6716d37ecb27a43,1965-05-13,502016,Derrickshire,TX,31138
372a469a0c,austinbates@example.net,gAAAAABoADdKCWxdOY--m2w8KEmdnGKZQLbbClwNhKBjQ22G0cqMJ_ka8UbPmwj22-6tSkZ_c0PVTFOY4jdQ0iQdphKiyymojETAEXoGoDhI8xjBUIduVvc=,9fb83268b07c2afa812a57fb7311988eea10eeb7608aa372277dbd913fe95753,1980-01-08,123392,Hernandezchester,AZ,02544
51ae15d0f4,lawrencesimon@example.net,gAAAAABoADdKvXZV7n2E-v8UNgi6koLCRtzTUSEUVTvr2CwOvqBW1dQrxpM5gTvmzfWzN8BX2zHNojLus5tsIyRQbso6MMuxMQiXQTOlEUF1oxU6MLs66Zg=,2a3b4084138f1cdb14dbbf9e803c22a7cd43e208fcd4faf4ccc247ad83618d54,1953-01-28,869743,South Thomasburgh,FL,79929
86bf8772e4,mahoneyann@example.com,gAAAAABoADdKcmcfys64HO5QU0-EuTrswBtRv7Mq46Go_OkJtPJzWBxQ7u07zBDmKUAGgx1BGg9eNbdDxuK2RQEd0dGZSGuPpw==,2440aa4a00f726ce3ee69cba00167a363bed67863c2ecf90a169451ba53a8d22,1948-02-14,645953,Port Timothyview,RI,31925
f740dc5b9a,jamiestewart@example.org,gAAAAABoADdKhPKEbAwA_A2TaVHpQL0oKudxSvOI5UDiGTeSXHVm0j3XFUfkap3Db775caT1TJdGBNoY8_H3t-Z4sCc49Iqn0g==,8ca4aabcd392eee41ee23939547687ac90168f518d4a1cee682a1e0dd3ab010a,1949-03-16,110754,DPO,AP,57267
47eed17bb5,csmith@example.net,gAAAAABoADdKCdkcSuEBGzIbLESiRZRaAnPl5wmOmqhRRDKJiXqqCWb45QLDf0KENiiTeyvbVKpoe3zzaDz09J6taLQs0tbOPiGvdUuEkaxVN3NLyXCTJvM=,2fc81bea81c6c1211acf233a36a5b736c23af12b368b619dc3e74d592d4b3d4c,1983-03-30,933506,Adrianstad,MH,63855
b0cc73d150,robin95@example.com,gAAAAABoADdKlGaR-uj_v3z5kNg5LGpSJXYhLw73vXhkV17L9YvJZz6Du6eVV5gQ1wDowsF-GwipPeEopqb7I73KNCK24yV9lUps8B1J4iiDZDB62JRhiww=,633fd8ee5cc0cb5bacf6ca9ecc3a4d6d8a555465f776adfb7a226f76a40e0f0c,1960-06-22,291493,Jordanmouth,GA,70320
e46a598e12,qprince@example.org,gAAAAABoADdKiM6AEj1etpJXCRAWYLjfCIURgSusWtnqNbiW21OMgFlcETAduXvcFZtvqXks-6GSGjtw_Pn0GUjWAZl8QPYFV6kdF1F_5A2B-1wBxnNu-Lw=,4ff72a1c2d83d79ca21a2a841f422cfd3c06e45b3f88697a4a8502db45023f46,1969-10-03,32809,Ramosside,AR,51639
9078cc3f31,meredithwoods@example.com,gAAAAABoADdKZNiCPaq4tBnq2syNlmGDcLG4prSaUhbVgMef4hupjgHEkVVZPTikRey0XL7qAOQgY9MO5dyR7sA7F0-KMuGSKw==,60b359d988c43327cc5fec8322b9e1f79ea9c2b7f8f6f02f5721605905a3a3d1,1980-05-24,902855,Sanchezbury,SD,59976
f143a42351,newmantimothy@example.org,gAAAAABoADdKUQku6otk5JKW4l1cDYiB2qJI73PrBbJoSCT-HKxDqNrQfIm3qKl_9T_8i1IKvGu9Q114Hw9Ew9o00pS_11uoq8bkmUJi_gHZ5xEeNrzcMh4=,0a85ac76f6cbe4f42469e2dd3e821aff715598df439df99a282ccf23cc8b21be,1973-09-14,57772,Fordberg,ME,06211
ff0d6f1b36,dpacheco@example.com,gAAAAABoADdKy-BwspwtSek5dKDt8WT4fcRHqHUQF0J99J6u-mdONuTNnZTW4FsQu_70y3qIU3MGgf63DWiTTHjXc_kt-i97Fw==,9f9edbcdccaa81a4019512fbc745b774142b3d799182f538986f0dcaeda94523,1977-02-20,216409,Lake Bryan,FL,55268
d453145da7,marie93@example.net,gAAAAABoADdK_wkxRRTwLZFGzCG11tyA6ikK8rcJtrZVN1-VKOx1n3CTvcBNjOGry-Nk0qD_uRjPYnMQFlnrtpWow0pA-HgHWHQEdFAbnnClzAa1sHcorMg=,759493716b39f24c6f8e43ab79ee83036c1bc4193050d47b164ed818aecaffee,1982-08-07,351001,East Tina,AR,74551
57ec4a6252,mccoyjoanna@example.com,gAAAAABoADdKM61hN7CddtKFRXGQ9khC7ele45NNHe2hQ4TOSqle49zV09Bp5vAwrrs53kJRPQf--N3pDECMqHhYsZ3CwUxgzNnFWw1X_2plviH1Fk0WXnU=,6aba5bff38bbea05191c0d61ccaf571ea8bc75b7aa3a580fe18eca361986427e,1973-01-11,730231,FPO,AA,76068
885587823d,gibsonkelly@example.org,gAAAAABoADdKXKx_foICV5dA_kmn7YEZH-pnFiDpB-TFXO0ifEAQZdc5JMZJzp7KcqCPGN2E8lx4sjbdem_bxSTg4t-Th6vYbLXCbMrHygkgLmdPcMX9jcY=,cda054d577119ee57e27a8d49b8b6eea990ad47be1af3a453b57113ab313227c,1982-09-02,623998,Millermouth,HI,46643
85f5a76961,kristi05@example.org,gAAAAABoADdKdhm336wq8gJzg175WoubSyYnc0AlgGVg315U7FtRQ_JUw_CTtkHVys-fXCSkw8ulUW-o0frNOQDIp3fvs1zczJWKy6eHeRvLREDjDlRfYJY=,9c0a82af4b097ba277a3d0be1968c2afa9be20ae3e122664c6f381a88a4d2873,1990-04-21,651333,South Matthew,DC,36897
14ac25f1dc,johnsonjordan@example.org,gAAAAABoADdKShIL7qY5gvyK4OX4nfFzXRotE4vnQNjqFJvBmdN03rHdxT-cW633j2Q1R0vRB9_gxf-65hfJ6lIBsfxgOU7kDdZbAyDUL2xGqIuEDSqSKv8=,d0c27c5cea655d49c4c0cdb8548c194fc9d05df71bdc70d758f5eae0d6c3627d,1977-06-02,933042,Amyville,DE,98439
8b4323b1d7,carlschwartz@example.com,gAAAAABoADdK_QMCnw414HP0sH2VOazhAkIz5x5N60bGqBoCLoQKEhnxgYnSB1aXhxBQclCc5Sk1UKQRxGM4DrGtMYJOAM6RaZmgTw7jVtEXarprwJSHzbY=,9cb17c8a7209fe21ea757cfcd7c4bdba4fbdccd3ab8f481cf5ab8295e060b5be,1987-04-27,937500,Boothview,CA,90170
992263e926,gomezjohn@example.org,gAAAAABoADdKYQTwJnffA0oxrsRKk4HzHd3gpMhRorseQFk09ijyz_RWwDETUwWvHIb4O6xQ0I5O3fmsrFfvDbhO9xhUUgNdabgMWELEvCWV7eBu4IKU9BE=,2df10385757956a86d507719f74096fd7f6b6a4e832c709c492f1484b73f55b6,1947-02-15,520677,East Lanceshire,ND,31181
55a882b988,samanthaharris@example.com,gAAAAABoADdKsfeLiPop20hCx1uk1gSZkEG2L4ZHIM8EVavIxG9oFhi7gCJT8Mpt9MDYqJzOYPaVo_4seG8NrM27DiYe4XPWh5fRTbZkkxgcizD-aBdsgtE=,88da47164fd6afd4d8c7c0ec4608bd92c9befa59a9079d3e0841047d779dae7c,1998-02-05,2169,Michaelmouth,WA,18342
8408847fef,joel59@example.net,gAAAAABoADdKxkRZxVwNL5fHt0MKOOoT66GIUo2XraL8nyWIhDvOwguI1yyYYlZMjX7PAcGytHjPU-DFEq8sdlGxOTkYVjxgBw==,8adb856896adfa456fb0a14da3ebb6ca9c3504c342fc081c914306c91e8bb17c,1943-06-27,444668,Kennedyport,KY,33294
016fd37440,amanda95@example.net,gAAAAABoADdKLuO0cKaaOgFbJ1_ty-J598KFnPBgQ4pkaFrbO1MpUoxo3y53-5MTDg1jTZeQ1IRI7BHGhhGCRne79ztGrrFMjw==,e379b82aa5d16bbf0fb850851838a881c55ea487d6c2c3b45ee20dd207ea1231,1960-07-11,264921,East Melvinport,HI,50991
8bc28b2906,christina75@example.net,gAAAAABoADdKq85btSpMIoBPwI0yFrQ083ScoTI3Dk6EAa-E-OxWhw6XvVxkMg8HMPg0A5qyavIY1eyZqnihnNwk4Ua8D19SwA==,9159ee7ab3376a5ac8dfe7de8e710bb5eed95d5ff591d9ce7f803af7fe0696d1,1983-06-28,73163,Wesleymouth,MI,56738
2d4cf6bc2f,lcarroll@example.net,gAAAAABoADdKP7IaJDQt0HbLYs0Wvbw2G0inF9twZX4ak45uGPQoYxGTPXXppjd64qwMo-84kQBXF7JqyKexNcOVC9lCSZ3fF6TAJKTRZs0Zd3y3FseDfg4=,4138d8c3ab9bc53c8609cce088785b22d46e19a28e49fba81cad8823b772acbc,1971-09-12,254141,Garnerland,IN,62805
406319f857,karen32@example.com,gAAAAABoADdKYH-l6_DxbrGrsI6PHMIPX76KhvmWn9ZwTa3MwGwAPnRYjEa69fLZdGe-l0s_xtpgzYXmyvO2SjELbWoOPhkGRw==,80d737337473ed1bab564a45d5677707aab6832b03848607e73b99964a5c9c2a,1996-12-22,273043,New Michaelton,CT,35390
eea7b4baa1,vargasmichael@example.org,gAAAAABoADdKxX1xVImlN9CucWxzoqF8a1kzniA_owBzwjW1Km_MjM6ydFa7Dt3GGijfg-Foxd_4cP5503e1AEUYjYzWKoXJfQ==,736b6f615c747302bf4620302367151ed6bebbf104cef1027467688fe944f2c3,1984-09-14,405674,PSC,AA,12872
be57b83fe3,nicholasmoore@example.com,gAAAAABoADdK1up-zWmYB0fomQMdxdtNx_wP9Dje0n_DRHKYt32ohhlD74ldD9UbbAVIyrNvvmrKS-z8AWEDv-zrBXXmAfADdbsN78RLMNGXdQzJZhzs0EY=,abee602d179910c1104d5c57a3bf01d5e38366976fcafaf3bf7746e53097cfec,1986-12-21,536703,Youngshire,WI,52436
9eae4fbb2e,swaller@example.com,gAAAAABoADdKplbp6gh3mTg4o_C1GhzrRIq-VFENMM16mOBiJxAfT_fx9-Wfd65bvZb4b0ca1TaG-uXfXwgvF-eJ-gSUjlXx8w==,16f2bf579e4c850708b8f3ff7a45e3140d6ad1ae5be0c19408747630d8708939,1992-02-28,565561,PSC,AE,01952
c3d05a488c,michael23@example.com,gAAAAABoADdK_wMRdEGrJeCkailCBhInm0AGM6FaRjAv3CfgF-xNM1eYhYIWF5pHbJGPub9A02sLJBZEMF8bUdRZz3dONHlwJw==,0d4d5f94a55d86415722e3d620ae89621d4dbbae94a15ac39a7fc903b1b255f0,1968-03-24,551957,Darrellfort,IL,48980
aefacac0c4,erivera@example.net,gAAAAABoADdKHsp_3uow-McoElCIyvvTARi3KrCOohC3RLrTycPFcdLIKJtGp-A2XSyeCyIUoMX5AgB1uOo2KQ8iu4Bpl3wZO8PARwH3JGAhHCAOLQYbXVs=,e2f26935993d9d09fdd6ec578a0de3c0aa24ac1a462f9c02b1779ced0b16502c,1975-09-10,688229,West Tonyabury,KS,13033
43d195a4e4,jonathan61@example.org,gAAAAABoADdKWr_F8KQJIBqO75810SUzIW-u0HB3oN2se5bUfBZaGqAWqtGsimKMCUcdasacdubE9LZ9srK5djNm3jjqSX50Cg==,58a18c5423d308362201d4d333b5fee6c098f9658a32f4fe1631483ccd61941e,1962-08-28,730247,PSC,AA,22043
a73e768cf1,thomas13@example.org,gAAAAABoADdKEsTMhs3NNF6Rl7sIJS12JZEudWigj0fZKQIVHzyCPfYGXq-aVk-As8j6ZVEJMExnQVstLg13_Gprnk9aDu46eQ==,53582c07ec6923d5106d6c4a084fb4ade2a9da4ab6b9dc1c0e20860149eb32f1,1986-12-26,343452,PSC,AA,25356
24c946c77e,jrichardson@example.org,gAAAAABoADdKvDP7c5KBejwiADSopLZdgIaGo3Iaty3cXcpJEOz3nwLkeMZOsiHzJL8G8nGcRHneAR6aJxtHMODyWJY2MfpWbl_fyrXJR2vX3D8Wm4HTyqM=,83883135813df12162999697177e5ac3e638a9273eb506d17ee1e6654aed9ece,1951-09-19,346652,Lisaberg,PW,12315
e05845d8d7,millerkelly@example.com,gAAAAABoADdKqWbllT9VNBFc7TAlOtJgUVeNZougnHoP17KiRldUskxWFeePIacgwFQT3arBBt6Prc9zZJIMvJ3XbElXTJlB5Q==,b9c987a180274947b8cb6e7f90e74ad19b79f117635118698c560f50e58edac6,1996-03-21,524102,Lake Mark,NH,65935
29e5376b76,kathy32@example.com,gAAAAABoADdKR4cMjA_eZqbVh6ARg1OXK7NSuXd8RSXjgzPZSTwYxoVkq2bgN_oeLTq0NPMSet7xZ05jrbtIYs0yb2A4B7jEQA==,07d1b23694fbc824f71a15479a387a445fcfee936e7f03883af5a62da3178f5b,1974-09-16,338205,Freemanland,SC,03566
0dbca0f1bd,lucassandy@example.net,gAAAAABoADdK_K-OER_-RuSY8wMr1lO_n_DWQxEqZKvdlVZfyKNKxGOc8298vDwLfCKB1KIONux48SQA4KAc_9aodY2hkwnyYmI2UvdJLTob0BBeKrpS4g0=,cc2706cfbfa86d49d06b902b434318988d7ced3855430be5a755b96863066ef2,1996-08-15,725769,DPO,AP,84608
155fa96634,berryethan@example.org,gAAAAABoADdKhPVO6W-m8LVVQ2CPP50UvWf2MOZL3UPl6YsuNHvcQ6xOItuBh6WaAcYL_AXnQ3OHzJumLF1cr-lGJitj2yrmVw==,e72ee9cf50ccbc7a4e922e88d5de911789e6635e1ce4106356f81c0d9c0b13c3,1974-05-01,252233,Annaland,NV,48446
b3d6050990,washingtondavid@example.com,gAAAAABoADdKM3Iuugyo7yF1ayOtBVYGO0kWgk6OqYzi0XZbcsgeWlbo-_M40RIR0vCGn4Llg51kq5QxV2nSJq0fLBbcmyMZMA==,6580bc1b9de965153549489e7f974e2372b349207f9760a42be38b0ee5a8dc41,1979-04-22,486930,DPO,AA,50011
fe86ee2192,gharrison@example.net,gAAAAABoADdKm2xch1Lq767x2ppcFtgHvZgxKDDqhIz_hy_B7Zzfrq2TIDAyQA78xxA5x6R1egAcT8nPuNFHaA38tqTGDXUZAT1EjMPvmuhBNwSTcBfo7Z0=,e8f4d537388141f5e49bc9b4b43d9f1f8a1c53e96845778f1c79f4d52e1a09f7,1948-04-12,534808,Michaelborough,WI,34234
aa1751da91,shawbrittany@example.com,gAAAAABoADdK2hpPdxRJ9Y049shMrI9ht88A_6r3W8n_oB0s8ifxUzZTO9LJnErHVvT4YzIb5fW9Ub0q216zZyZq2HNoErWGH1zeqNl43LrVSPBT2lAtmrE=,867bd4c40af550af488a1a60b997306931cd58bfbaa6a894e66456fba1d9bc13,1970-10-14,415403,Mullinsview,MI,75500
44de8a7315,richard51@example.com,gAAAAABoADdK6JEhIduVUD876bQwd6bZz5aqxHMoqgkPdCf35Wjy4pB6ihkJ7QMXwt256BO-u2YxsPthdWiRmPRKs9qNYA07hbR_wz4JOWi4RH8csNZK0Fo=,1062c176d86a4dc9392f2e29ff83ac4e023246b3a2841c2b600831b931ebbf03,1975-12-12,304905,Reynoldsport,TN,32468
dd3ac986df,hardingcharles@example.net,gAAAAABoADdKcJh5hipB4J51KYyQSJHZbUznWc7ViCFmoy3wpBUvje8QEx9A1CM2gJj0P-n8vNoXu1WZfk1mGsVu-5YtdFRmvA==,2145d21e2ff71b3ae283f0d72dbb88cb192a5baf3015f675600bfb8b62cd4c3b,1952-09-05,130888,Campbellport,OH,52127
1a8cafd501,justinlynch@example.org,gAAAAABoADdK_BvzSGV__EEe4dM8hkcOTiila-jJhDvw4tRWuSV5XRprxqAObuN0uG-nAP3EY1wiNGRCYaO_EyPNvcqFatRN7A==,856693235f4503aca8dcfe738d212db4083ebfa81ad7cdeaa4a3a5e476ca160d,1947-05-28,251794,Lake Brent,FM,77234
eb49ee8910,jo18@example.net,gAAAAABoADdKNYZK1jrH1-luxGTraZ0bZHQBRTS_2vVscX3i07h16zb-qoiYmoxmLNPcjLIHd08Laqw4bkG2a5gvSshetGk8I-kHH0V25hngRVqTpNV1UqI=,adda9960ed931b12008dd09df725cff30c870a17cf3da68a39f50a57b245d0b5,1998-10-30,389203,East Feliciafurt,IL,51087
7a63b67522,tammycochran@example.net,gAAAAABoADdKFLT_o08GsmYGkpl625_e3wgOtfUFn1SJV84_kMJAXfH3YiXghdR3eHkzw6HnDftgf-nR940Wwxh1Yi288Pi7bA==,8590e9d4e1aae10569a142b7653c68cf7396a915da2d328bee987e9dd86d3a99,1975-04-01,862206,Ericksonview,NE,38507
1a4c923f28,evansjeff@example.net,gAAAAABoADdKo0rJnZbK-TGK-E6GcHiUVmY5PLfaAvQSA_8178Gu4D0dhMnCYFASzk5a-kJtLC_QXEZX9hficIzLZM0O6oU2hg==,1682ce71ec56d3a02f1cc586bfec96c8eded00d0539a82d1cd388eab2a3fcde9,1968-04-05,328786,New Daniel,WA,16280
5638b8d2ec,frankamanda@example.com,gAAAAABoADdKOx1Kio-ZthO245DxHDnEH02Ux8QaOgf_UVAv1fXRWneTdQzwHr319_Rx6mR4Rgz1pEW3T8HU8nUrX8oc_iSLkg==,337cc2653a2a5f09c14f2bc7b381bfcd390aff264d19dc0ad3c4740b1b290508,1964-07-05,975299,North Michael,NV,35995
216166deff,daviskristy@example.org,gAAAAABoADdKK4Pf42SwlrUHXkJJ2D7PZbh3Qx97LMKuzxbNfcVFkW5OL4XR8kEw0tlEKxFcYidfsmaowNiynC-uzNOOyoM3iw==,4b3372cb845903a5cd95be01bca661212af43b230dfb7d62d6e231973a354bde,1979-07-26,184439,Port Stephen,RI,63327
cc268fe6d6,briancampbell@example.org,gAAAAABoADdKQ_nDi7ODawKRrLp61yeKW69robFUUdFIg7MG5WuJpflR-HGMdD-Bi-UWu124NnEGiySatMw4ByU3kYEP8J3evg==,4bbb83db7a018f3789a3472180d199deac971b1acc83599c4de36f83bb68b5d2,1988-12-08,574696,North Christine,AL,60966
a04ec82221,eric56@example.net,gAAAAABoADdKgo3LLrUnnoj9ayJ1TxRzVoBXhm5R1r0jp5m9NUzLshJqw4a35OLU2OrbgNHLYl940hJV3jElEXL6lCkeojZ_ew==,a26036bda438cf0b933384f0975059188f2feff84fbb8aa7cdc4f713c558ff03,1970-02-13,848483,Melissastad,NJ,24513
5eed3bb48c,elizabethmorris@example.net,gAAAAABoADdKPHyYyr1CMo2uoqKKdBp0SEF_0FjSs3TCG9NIgHy4DDe57gVW5ghtdl_UVmTkivPS6YVjf6dL791L89XZgZNrnQ==,815f524417d7ee5279367ad5c848290d0195682dbf8c28f1d141636f53c4defe,1965-05-08,279049,Port James,CT,06484
2bb9053d3b,mariah07@example.net,gAAAAABoADdKOt-m_Kq1nEmMr4bZNMJjmbbP4ynVeCmCAYLJywrIXQItu26C2fxOdkevJLhJVt02tbPOUf8IpPGesMSv5N827w==,ce5d3fedc5a3cc3156f4d53242855a89304f8e1dc5501ec21155c4c371411f9c,1993-01-13,8615,Joanside,IN,36200
6c520593f7,timothy78@example.org,gAAAAABoADdKzxVI_CWmFHArYzhbu2vklkMfJRgwf5F1_Th1GVEMfOHJm95y36JhJfU_5NEbaeplKPR5hEiJoLD-p2khkmLbMg==,3ab26e5fd5043fffc962ce97757f9e69020d362c32a381ffe1fa975d3d3e4abf,1966-02-16,816315,Robertland,AK,97606
b35a9d13b2,rgarcia@example.org,gAAAAABoADdKi1Dux-4yD7n7JpV8QlGfWzVQQr-Tl59UTbpLXTzo6en8Karwmhryiqx3X5uL4navzBW1SNQ2i--sd8pKOoxEgA==,912a829d65bace50d3b710c7989d0110c9c69c60987a3329b62b89dfd9c1bf48,1952-02-28,233876,East Kennethview,CT,44152
3bc1135aa7,austinkelly@example.net,gAAAAABoADdKNXBVKfGWMjFTxs0MtcHTDJkkJIrqHsO1z13w8f8asaDl5-NAJwdBP9dIax-jwF6WnomtV8qsZ8C1mPhqRdn8qmT6QsyJALMGEWt_62H2X6g=,f5ae81dbd917666d4cd5885bd6a01479099aecb3dd5b63ba2ec50561ba3b5ea8,1969-08-29,124245,Jamesport,MN,96833
d68640107d,shanehampton@example.com,gAAAAABoADdKDO5FpHm3HqCHtXhI9Ys2JJ-V63n1Z6Rq0ZixyfMJrA4byC1_Za_ZDshOL5-eNM38WhRqVybNo2NSEMKrfG4A7w==,e02a18e89a626e8bc8e658c90d5fe21553649fa579ba71179658b389fad0c870,1989-10-08,494110,Russellfort,SC,79052
58917ed7f8,eugenearnold@example.net,gAAAAABoADdKie2VE8l9QyVvmMRaKgYNmwlM4ziwqCnz0EGgCjhlp-SfaI9WPrwNI4DDhBpVA8UYW2Cv9g9Lz7PsryxQYNXvoA==,e60d613ea361b42f47d50b87aca2e55eea1c326428a1eaa921426b9d41a468b7,1974-03-16,213367,Thomasborough,AS,13314
aa414626f1,paulwalker@example.com,gAAAAABoADdKx0N4oT5gJOpLPyb4RAqLGoAScC3qXVqZcwNf04VB50p6mVxC-S8dMXysgofB9mkmvJKGkV7fmQ6Oq8nfdNaNOE_A8euwONyJy5xKLI7g_Mo=,313d7bad42791d9ace60674ed0ed80469c0579f4fb17f1d1b5bbfaceee6af38b,1990-06-15,583137,FPO,AA,58333
409ca02ccf,rtaylor@example.com,gAAAAABoADdKcQBMZ_e39Tnqz1MlQra2zUWpEeIMuRDfaeZM-jMznNtZTJgWa9qLTp8Vrb_cw-EdmxgcKy7Hph4_6moTYlBF2g==,3f257c749ef7e9aa2adf03cd52da6605a22f6ddaf2d389cb4a908673a248dad8,2005-02-11,454768,Jonesland,DC,75742
38e5dd95a8,joshua88@example.org,gAAAAABoADdKclCOapktR0FE6_jnj-AUGBriR_i5vqtv_7-hGM-vkBZKU0EKEHMfppRrMXaaKgsJ8FfbVW4fzYuZH-OcZ_ntMLM__-UFmvLrTanKkWKpCyk=,7d16dd0f3eb3c7ce5e483694d9b7be97d621f33677be014aec0cc27630c987d0,1944-03-16,831101,Rebeccaland,GA,70565
35a26ada1d,jessicamoss@example.com,gAAAAABoADdK5w4XLW0ehPC_HpZEIYrtA0Xy-q-eYFtLgrOaJhdNgSF4T4ggmlVX23k55gIIfZHJJmUerM3KPogNw6nUIdWzIA==,bbb4a99076f09ec38aa24fc9a31835b53a01660fa54cc4efb2139d0b2a7c29ba,1967-09-09,516223,Martinside,SC,67512
fec698d0c2,donnamartinez@example.org,gAAAAABoADdKTxmI-gimv7zNBjm0ZhMi_yUOJWXIxb7CKlQsOVfl4AweF2s-IdyDsqyWgYjcz1M73NG040QSJ9cEWQokFsMR797JlOFNOJTG_Zc1oZsL01o=,d74a704d6632f06c918c8905069f7a5f8e2547c4f03e03817bb1508861a5e4b1,1997-06-26,855661,Lovechester,NM,62486
8bfb82db0b,hobbscheryl@example.org,gAAAAABoADdKgCpg2EApQvJlA-lCfP3KkIIDfzFho6smEXXkNhnxTVRyGkNqW3ybJ3eQb0KxTRmyEX3L8lwFxWDojmxdSLFkL7g7iDWWSK03CgC6MV_xNzs=,20a5369f48de6bfe4198aad31bd2f447e588c37721271e8578ae20f594d2fb00,1991-02-24,188524,Maryport,IA,33727
88f71837d2,jose31@example.net,gAAAAABoADdKZDAcKsblyiMXHjxcWo1cyDeXjksAt0zjB0a6Q9GImYNwA4JxpION3ky9OqAmgJFUEMVDBXqESUl--AJINGCPjeA1vcLIgEdgTODJV8QfL4Y=,f1d3a94b6cabfba473bacea6c791eb8982084db32d1af003b73a20ceb6d52e51,1958-10-13,761549,Rhondaborough,CO,96400
ab18a640fc,hbaker@example.org,gAAAAABoADdKsCcNPq_990SoVwN5zd15kP8ru2bZm91ODguvdeyuC-H1JXBgyLXCega11RBbvJwTkyh-FmiF1XWje4jhqUU0Kw==,93acb5bcd79165eeca0d08286e8185bbf009b8105122e9cc36a0cd1fc689c486,1985-05-06,523700,Andersonstad,FL,36738
41a4e45580,gregoryrodriguez@example.org,gAAAAABoADdKv5DP0FgfN07zQHsVaHosqny-AarQ54ASKWUlr8h2Sr3Dc5Lp8tJWOOTIxfL9wcD86MaSvFunySKAl8QXqUdpGX8XxgSMZ5pFor1TvDBbLwk=,44ff94479d579beadb657cba3d2b6e9480e5b29ac74208a998b28f2f534c99f0,1989-11-21,752748,North Garrettbury,MS,26726
58788160bc,joann11@example.net,gAAAAABoADdKlbm1lgmKUEceAvU7Hhv70tt2RQUy3cjF3EX9nDEphLH22fN7ErlcawtDZHV0g_C0PazjpL3eZ4rVmwPNagEsNndTqNmhfPmZY_HubXmsOLY=,6b7f4e4e091207278a56fe6a6f9e4e765d8cf0270a7b6d9a17237f6ecc889235,1949-05-16,920421,Isaiahland,IA,29691
ef29cece81,ortizeric@example.net,gAAAAABoADdKUxZYO5j6CpZFsMlGTLWTm70gSbAm_6JkbW3a5Gc8XyTU1yApObek6UrzFtdWu3pl6E1Gzb_9P0_5v4Rp0AhEqA==,5bccb34d66a8efe0413e47536be1db6a70c52f9781caf45a3b351ebe6e581a60,1964-12-14,248069,PSC,AP,01653
351b3927c7,rpowers@example.org,gAAAAABoADdK2oSHHU228qDSBcP3Krk-BDHfcmtkY9f4mgO3tpbeTc28jHOw0bqaOmLAfd2neSBgVJYZjr9v5HJrWSkUktmPC0gLPgeP4zyiEL3JbSsI2pM=,9cb21d71133db1547763127f6ef40bb0abb170f724132f3d90cd607d137958f8,1967-08-29,75846,Michaelfort,GU,89799
920534479a,amandajenkins@example.net,gAAAAABoADdKW6stDSjlPjrqP_qalD-a60UaV74rgDVSiS49UucISZUj_bbAcRUpHxpbBUYF9aV-P1mfnjqq-rH7wX3qF2P-mBxU5oSEoUKi_KF2cz-9UxU=,690d5187073f8751fb718f0d9833cf103961abf150a4ac3af16a9e74ab86df71,1985-03-07,439075,Batesfort,RI,92811
4c7130c415,brittany84@example.net,gAAAAABoADdKTt4LMrbCv_ZZzpTXKYX4d9WyQAEMrhss2loaZQjoivLWIR3huqp6k4y_5jxsnoqZtfCo2jIFUJt_zx66POPblQ==,5538759261e2ac6b1f1a45c02d3269d224d0e858fd9cdb40b463677e9cf92fa9,2004-11-30,43962,Taylorbury,WA,65077
dc96295b1f,hvazquez@example.net,gAAAAABoADdK6xwtQXQhsQLUT-x2VlUchNobGMT7xoZanf2Y7mRlaVhpBjXpG1XMYHocCey4cPirj1X69Em9ZbNECVjiKw9ZteYp3kGpdXJ7OPaK2voN3m8=,13e9f60d8c30071c104949d4a7d4da010c8e74b1c4d934ce230a4c1a9c425d83,1944-02-24,382453,Shannonburgh,KS,49239
4ad464d3cf,paynesarah@example.net,gAAAAABoADdKecFigX5X9swab-1kNX0pa_glDE-zLISiU_-Q1-k_WTd2m7UkjiNXIV53MUNLkn1jMsRJZl4VbS150ImEkXw6sqi5ufYME5EEtf93EvpAEyI=,492db634238d758456d1ae3f4aa6d4a767996e810823585e4c885ea0b7ed39c3,1965-06-08,672509,West Lori,KS,93855
3d3f34033a,hhines@example.com,gAAAAABoADdKHPRj8VVT-Os5RHAUjRM3yAhvlalE8z4gnX7_ZY14MGz09qTSWv7x7ZD0jMxG7sJ13_P6QeZsr83RmUQIgINSsjBYFII4B1FM_di5ylEw0MA=,bea919c2dd742e5586e18ae358c646b901857341d24a7b194b9ab42e311ca08a,2002-01-03,544625,Smithville,DE,36318
c4975711b9,diane66@example.net,gAAAAABoADdK2IUTKxBYf64smm_V4IYoqvzrsLmMm0cOXNa_tYPaCDpqKgblKBRpQuQJNSXBMAEKQnmjbaMb-IM7ISCEU-dgDI0eH6IM9Qkl4ARv2nykW7o=,0ac7301a1f9a605902bb7c36fd9c6352bd272b50cdb405254699e9f74d02e72a,1980-12-02,719063,Meghantown,AS,71517
2732852fe6,angel45@example.net,gAAAAABoADdK7sg11IuPi5LfgmlUNqfvvll2aUYWZgDbi3y1y5nKK2lOYXLJzcXzEb3WM3BdARnST6wxUZV63Z4ugfhUAP0cCA==,bf0e3cb141ed1914c044cf908076acc956069b89e596e529cb636f047efb2733,1957-09-18,944201,Port Elizabeth,NC,21093
bd1e52c452,patricia31@example.net,gAAAAABoADdKqXI_x9hKwXr3pSzL32QvjUWxeO5yazSmTnU9Py06JuDRgdfM5FwK5d6Aj98lQ57cfgsSpDRMWsJXnAIrn4CFc9oPnp7BTUUeAj64NmeR2fQ=,9ca1e88a98d3a479b458d9a8145413183652549e2fb2dcac027a8244bffdb8ad,1990-11-06,258138,Lake Eric,WY,62715
1bfcdb6c45,stevensjames@example.com,gAAAAABoADdKuh_rkp5nKKmrR0LGTQDeZf2MGAIXg2llhC_GmVt_ZEVbFZ5TrQwLe-i3oS1XSvc4Lc3_Og-A5snPj9v_bNK1NGfxHIuDYZ0qjHY6idxU8B8=,9f2037e710ca69c61222d874c9a804efd88598734fc229cfbadd2d06f430678e,1970-04-02,297132,Marshallstad,MH,59061
af7d3a5e3d,raymondolivia@example.net,gAAAAABoADdKtkGPJwPTmMrogcY1MYFCtPG5OUPEEi8jNgtBJ304OETvOqp0kw7zhaXNm2AeBwwYGggKG2ocMCsX6S7Vh03DnA==,54526e3031cff227ff9362f25056d931bf0c2ecd19bbda8c2573a191840a1369,1984-11-26,584086,North Paul,OK,43587
ae91177956,farrellangela@example.net,gAAAAABoADdK01r2pg6nB_itI3nKYGa6JrwHJmxAnsIP570Va4Wp3x17FJoe_X51Dgwh0UooMPHrJrw3qQNvoXR9DeqiF99F3g==,f8b56b62bef343707fd17fd41b1f3abeda3d344118b5b821f9e0c6a13f1fab94,1986-09-01,998782,Port Tina,GU,43397
9a33776c1c,bergerkristina@example.net,gAAAAABoADdKXTT60YISgKIPsebtLQm7lxzjov3emy2gWF1Z2kYQ6aIjGmNyQuXW7H2_6ZDOsHmyZZmXOueQi_TuVthbltbZ_y6uOTjgTAQeBgnQr4vT1IY=,30b52fdc10495d8f406bac0f4dc9b63165ee1385a42f66259bb833f84466ecda,1988-04-16,71148,Reginashire,MP,65934
6384756061,martinjason@example.com,gAAAAABoADdKZGp3eNELkDHnZ5uk7BTIDsJ7QjemiqK7GBjoiWVLNpyhIU8plmOIlg3xFOhhMF4T3jD23oD11gw_HBIxnpTsxPtD0PhTvPulLuN23Ouk00k=,6eb14794f863c2fc614e484d786a9711d70a59500be96400bf84db6a55c73195,1986-05-08,733598,Johnfort,OH,47218
fb705ed853,allenterry@example.org,gAAAAABoADdKzRGjJOvTialPzi3MRI71CrbjlW_Qf4sAylGfEL5w6gD84SSiSD7bwm_h4DuP8X3wJAsF6UNYvQkWAq_5IE_7FZT9ehRmSxfVbS2878ZR8UE=,c0de2d67c7b13ff285822eb6c9981c67244a2439039d64fc74ab03b561b8b917,1954-10-16,88163,PSC,AA,38633
5ce46daf62,samuel70@example.net,gAAAAABoADdKYJYzG51AxasmQFvoNgebs_W3nRY38SQZuh5hfxE5GjbkB61jcBOkQNsVk-OmWLWnNi2SCX64YlOrBx45tLpqqA==,ea446101de1ee245e5ccad55f7cb1b4effdaf1b39b6cc4fa952bea5d8178ebca,1947-04-28,176281,Christinaport,SD,58188
a625ae6825,jeffmorrow@example.org,gAAAAABoADdKO5xNMtmARvj42d5dX-2waMetBgC7GT0_T7UeNj-V8eTmxJ0kpijDroPJAUSluJyFhTeRtPSbSr2Y5AMMiLK1zQ==,dd68ddc55435ccd888a0eb17a2cb866b1f2f5c6b4b63a70339651fb635090a69,1999-04-26,446981,North Stephanieshire,IA,50009
1ef8e9cd88,theodoreadkins@example.org,gAAAAABoADdK4ff6E9ZgUxvLrpMio4yp19luZktyDHWv3BnhpqErLtl5JKwER1OO7L8a-0Esq1nuAk3CFoT0DHB7Y8CYXS4r6hCrtYF7sQTznPuchtOmaCA=,cdcc1007b763a45639c3fe9dd29b3f98c1a3e9f2f0d21b6b60c4a6fc44cf5b59,1975-07-15,406514,Lake Cynthiamouth,MA,30797
35489660d1,lisa11@example.com,gAAAAABoADdKpbtTopfskdBH6GdiK1xgeMTGktt_HtSP2nc1ycM9CaQamfa2H0xy1sqiUrMuyWE2kwYRU6HGnXDdLXeXkJTFjIUbcPXfaZvzG1QXB5Ws9aw=,492368ac4eddf8362b3eb99633825c094494a342cc6868df07ebd2dd6b982a0c,1989-11-03,672958,West Mikaylahaven,TN,47874
c300677986,gonzalezkevin@example.com,gAAAAABoADdK-a6hK9RDXgWzxs3gBL9Sx-ZEHdctAGVV-4BkMSO6VTtGLqjqkgOBnEjujZ4f4gQkiOmWXi86zLDNKi09fDpo24_rCWNjIrxt1myGJZkjDcI=,a66962bda3544ca56aa08151e9399dabc163a3f9b7e8ae3e845be45c052351de,1977-10-14,549036,DPO,AE,44851
b584082c59,smoore@example.net,gAAAAABoADdKv2FQfn7vSSx-6D0PWi4lTcUVX0L2PkCFHErWTCIW4pbVw7nf8ZefViFbUMsIQOPUDjJRwIRetLsrmGwu9xnPxMJw2wHNK73lMHj5feQLzYs=,52eeb4f64b5fa0c2e17cd8b26fe10d35cd00e3c03ca37d046f28be4eff5e1d3c,1981-09-16,504161,Port Priscilla,VA,53722
39da19a6b0,amber98@example.com,gAAAAABoADdKRTHxXbmQCH6Tiy_yJbH_6gTGD7a3tWWv9HoPO0htovlgDH9LV-kSrvHVHpStvVOqHsfbVmAVgark4AuZr_YcvA==,206a943347c037992a84fdc62587eab78dce61dd95a865b4c01782eebcad104a,1970-08-02,812218,Lake Janethaven,WY,44299
c06d696a9b,xpatel@example.com,gAAAAABoADdK9A8RYJD1VCAgb03h8TujqjOIf6Bap4ip1EbR0NsfdYgz3Wnwmpoo_K-5I4n-x7WzzMMSUtWcNxZK3BClZqTFLQ==,fd8dee8293743d7856eb4f7c10486198c440e2cbd64afeafd316a9f1de32685f,1965-08-14,143269,PSC,AA,11007
5bb2b803a7,skelley@example.net,gAAAAABoADdKYlra2ABnB4V8FY8-Q4IGymsyn4eaUa6meAYeRI0qNESeMIxvI-YOXMjgYs88KZJzG5GBAPUrSmKU5veLE0hpeQ==,3642d7d24fbea4922e08943967149055e5925f62d1875b788059291cd09f15be,1991-06-08,871281,New Susanborough,MO,81839
74da0bbf79,amandawaters@example.net,gAAAAABoADdK8WTLnZYBpdjFCOmQVBhZOUVRw4jzTl9-j6XG5caFS_ew32C1L13v9oBm1zWbxFg67lqa3DnZKxZhRil53Y59xI7Bl1QF3q-Cd_ETpg2McMI=,33c93306e3df276a302022f4c4b34d2c7317eedacea73359095fb244bc8beee9,1975-07-14,902366,East Tyrone,SC,32683
6fa0d39aa7,richkayla@example.net,gAAAAABoADdKIsbFvA1Q-Ov-mMcZ85LJakAFSWvyq9MHomNh3-rrqGXDdYbFbkhmW8YJTC3m53rrAQQlzZ7vUjCtAXUijykDu61tKL3XPz-EoYHg2BwgGbQ=,69dbf5c8fddd19d1b7b48347c2259d0ab8990e0526be146548a949e0fa084dd2,1953-01-18,944718,Colleenport,PA,97038
139d5736b6,debra39@example.com,gAAAAABoADdKahkqE0Wkbj0mY2GIY7-4eSE9pISnf8ZDYV2LZASqZhPkjcibAiHiVQytMckzQRzXZusnmNnDDCmpnDSHN7t7cDzmuvbPFury0ofZl7rmtRE=,2f21f73ccb6333cf05d3655b1ff082d6ad60b5f93571fd58a36ed5b709e376ef,1976-06-21,962149,Stevenhaven,KY,33312
516f7160ec,johnsonpatricia@example.net,gAAAAABoADdKDwaKZI5Ct6jlSAocY54nnxtOyCTVjP4gcuBtKP5p69hHiMhn0bKrE30vMGMCGAyP8LwdctNBR_8v3nsn7eLgIAh6jgU-Mql_6t-sGqdOzSs=,4c4c71b5f03c5bd4aa75e19bd0f215f2dd50bad3a7e4228f86f5b45ab5171167,1986-03-31,999739,New Robert,OR,88562
025ab2f31a,randy67@example.com,gAAAAABoADdKtwsVTsgjpKo066176qYn2264xSnY0Mhj2WK7pY1TF4JB8FS2F56mluVlejJ9NSEaiOnMWg6A1sqrOZ5vUWC5gnzMwfnszjnt-M1gqYW_eys=,ce3d63409a692ae326360d083bd5f37dfc938b6263e00bc11e7a814bf0aebc88,1971-11-18,890792,Barbarafort,ID,80773
4c104298e5,evan67@example.net,gAAAAABoADdKqGfPnU4UywNc2kaQnfO98x-gZa7N8kCJCc5M1pFpKB18dYmPRm51Ct6IlbjJIK7fpYAINa8fFQA3UJf2Ve_Hrg==,a7792caffdc2ae4d462d2af17113087faa0b155a9f7d4a35ba0b6c2a9dc0df12,1951-11-05,105966,Lake Lynn,AL,08316
fa8ca1e0d3,zterry@example.org,gAAAAABoADdKuc490ulzMdC8N4fdKh5G7Z2lu08OJoc-_2lN4wbQcnGZ3nSemOidAzwoVNV_oFr4bXS7au0W27ajQYGKCD1HtlFlquIaClvXsrjRfoiY64o=,198dd43cd5a1d1ac63fc85ae768acb7bc9e12a116b29d165f7dc85d04f4f4282,1979-05-02,4029,Carlland,SD,40480
ea50a7af02,kenneth51@example.net,gAAAAABoADdKnvltdQFDkV2AgePxgnLBqblkbMhDMTIO-7DCE8DG1_tfMZpIF38tmOgpXQVWKneAylIp4xhTe_gXs7UXJ8r7GQ==,c3e45f3e9166604b5f9e01d241696548a0c9b6c33b33c7cc5afc336113c2625f,1949-03-25,235710,DPO,AE,69278
b28f2a8ccc,bdiaz@example.net,gAAAAABoADdKqdLG_BiA8th3NvClpgES3iJQ5T4EiEalRdq7VQ-ToFN_EjsHjlSkpKzRpzRZ1XEF7x90fwjk0l0wVESQ0sZGTw==,9d44001a8da6a3805588b9ea7e505d12f1a40f861afb31fc8a4082a117231678,1984-11-26,948478,Perezberg,LA,73510
e69f4966b9,david23@example.com,gAAAAABoADdKeMfY9lIhRCAUkMVZxqAttLdXMwO6b3UbMo1_2G3_bBHoFP-iqY3IiUmiMt51DAPtAUVGHonMVN6iURatEY6PqA==,eb2eea61c0095eda8c7cb3bfd4c7e06f0a1190b29846fb52f1625ef6ca944fcb,2001-09-02,162907,Jenniferfort,PR,33230
1dd4f4942f,colonjeremy@example.net,gAAAAABoADdKDZchZWgzIu6yIdg4iEAW1HqiJf_CWV-o2sbZK8ha8VF1sT6NLJRC8nJzL9JknmOCLoGCgJteqStUlwVOulrVB4Au1zSej9D-Hw65_UNZ2aY=,defd653c14ecc33bc31967642ccd089d9d5981d299d6438d98356f4f5ee62b94,1985-04-19,30070,South Lindsayhaven,DC,23644
282b3fb5b9,zacharypalmer@example.com,gAAAAABoADdK5ybvn6vKrSTItF02dz2bYo0jYa8OnWEJRPfvtCoEcflDfk8FlzkHOJRcI8wdujsdY3A5I3dAKVneOUc11vCKDeX2Ubf6Cx-oZcplUMHBdk4=,9541d1e3726df2334bc41df9ea2a169a85baba2c402cbe1df224b431c2292b11,1985-12-22,425612,Hicksbury,DC,18187
5ae412608b,miranda82@example.net,gAAAAABoADdKBRoNyyfnBy63mExpSYf6iHcclyylfQrFRgs-pCSv8QkjLouo4-Z_5BvmAxsDDMkBci2H1g-zGnqiqwpG2WJkAO-WpfplfqHZwNt_HsdnW80=,948356963fd8d16038b873410662a91b5238704ba1357dee0c92842f31bdaf5c,2000-01-27,703140,Port Charlesberg,OK,16082
fa032c1766,teresaterrell@example.net,gAAAAABoADdKFTVGb-2fg4kgDR0l2-Z22oI2I5KLiuK42iXizivWo_FZRNH8Ny_krbon7oZSxlSXrk7CW0Ce-i_16eW--3r2arUKQJqOYMWrzBkl9pDESDs=,720c115c7a8f447b8ac454f5cd81c6757dd3b04ef2eb8023a22d5f6b76c7b204,1945-10-05,883390,Lake Lindsey,OR,95079
0b15b06126,urandall@example.org,gAAAAABoADdKtvIqQUkPpJKZOAfYVpxN2VRmS-P7PUc8lOpNeS3CbHRYvJnYmhzt5GWHgtksdcL2L9s_fF-kv-LUSW9KzVZrm8Mk1f4XYtcl18AcNpOargE=,b4ba39d4fab1855d70b9112fc1eb50a5f530c2eb15eeb84c0bad64edcd9bc7a1,1992-05-18,771869,Thomasfurt,MA,20722
9b757882b5,dramirez@example.com,gAAAAABoADdKFPKoYV3rNQh95wrVQtIcr6JtdSKIPCXp2oDD5rB6fgbsDILHucENTEW7KtFEm9z08xL1AhKXJj4jsA3IDE_KVdmKDIc1ITKSYTKDn6_O9sY=,c3fadf0f50b3141d9bf3f128b9bfe5c47914f0f9f90534802a5130fa90778b27,2002-07-24,182431,Taylorville,SD,28606
e58977e849,mooredawn@example.net,gAAAAABoADdK8f_TsK_Y-XMw4UkWmwYC-ijn5Ka_13Yhysvgdy32CBL0nYjTd_2BEpKWA1w6yWBcIaMSGNfxYxMmCo_VtkKZYg==,3c17c0c1459bfe05ee868926394d9ff169079e0bc94bcea5181804a692affd9f,2003-05-05,796727,West Deborahburgh,MO,61214
d2dfb01116,robertjohnson@example.net,gAAAAABoADdKGWPfrefFZAkfZB04H-dWhyfw0Xh7XVfNvhUljHRJpm3lB-tC3aKrhbVGfJaBYiuuvdIOaru3GgWKTybJVLG_Lg==,16fd5c5989c31bc28e8adbafbf1ec93104346ce6fe6268563365cb6826efb4c4,1956-08-13,549458,Spearsbury,WY,49526
9fbaa934fb,rojaswanda@example.net,gAAAAABoADdK9-z7So_f2GLlZFDN76Jd3SPBHVufZRCVCYsEZbN2JF6ZbVHMQV6b3RsrvXQdXSmOggR0NctbkYcEbzEIlH262A==,31281cac560e19796d7eeeca8bb2ec2d20c67d4dc313b048ce7edf1c05da627a,1969-03-12,998212,West Kevinmouth,MO,03418
940355f447,wgordon@example.com,gAAAAABoADdKAWDSTzXhn14MGGpwSiDehhZT0O0CzhU9e2-VeWCC-jQrVvUkkDp3jFN7Q5ZkEDx-s9NC5qqcIa3aQxdCid0CaA==,7a6e2d9ccbdcb80865a2ba41554fef385947654be42d9b8572f1ec5be0835fa5,1957-11-08,198635,Melissaburgh,CA,01734
297bcd0bfb,terrianderson@example.org,gAAAAABoADdKS9RfZb1MArrsX3AISJN9JyVoG3BmXLap0lj-aJW40B-y6E7YhKmxVmSRn0XVrWOP6uAn0ri5OH90cb3OfIZAxA==,6bc2d96ef97735f590d64647db2a4277f69d5d256b2dede9eb1dd8f06e2a9221,1990-04-29,821985,Stephensmouth,FM,91915
5c8f274896,gutierrezaudrey@example.org,gAAAAABoADdKd2I-fZzO8WVpco9IXl-wizUkzBtyIDf1RkOKgBmN4M25cHWzOooQOmh48uShCfeaoEiD9ZIgoVagA8Vrlu7XTw==,2613236329c41fda207732aa38e9e3c3eee07aa4491c273384828e6d4ecfb332,1972-02-09,489690,Flynnport,CO,29824
2243b70903,qlopez@example.com,gAAAAABoADdK2V1m-RueSymM1szn1wVO-c6rNQWOGczAmebCgTuTgTa_lMMIIin2daUElgZtG1CnoSYzZZ4qkmRltOrq7QmpT3zIkTcdNmuetgqS75V62FE=,9ad7c3f9601082157f3502133b9c5b5120fa8b4f8d3a996dc722f0de0ee2cb72,1972-08-30,482023,PSC,AE,73554
c67bdf5a83,donnaanderson@example.org,gAAAAABoADdKnLZ7pZcyM1KqRn8bnJ0Gd-3wPKkUu6xD891F1-hOs-3n3Ku0v8emkarn3mchlMoYpVzW5oIkDgT-gQ0DQbbxow==,1a35a84844d30d5ed40c1b29272775a1ae8e2f477dc2c4b5c86eaecb38e707e3,1960-07-27,190797,Margarethaven,CO,09144
b33434c3b0,jcole@example.net,gAAAAABoADdKjbMJoN_RnPJe_ZAPlOIOPpmhadO58b_SntMzSn6B9vBtzztl1zUQqioHid-1wwkYtXvH_IB_rP8Yar6M_FC-Rg==,f6c4b2e496a1c6cc14e2d3ca6e4be7d2b8af2a79eee8c37abf8450fbd32092de,1959-12-15,824324,South Sharonchester,MN,51308
edb7607017,fletchermary@example.net,gAAAAABoADdKyT_aPyk_W3uhnhAy1HeSiO8uFmuL-eM08jKLxGeSmQMTLNV260PuAUevFrNM8KDOM_il7tC4lrQEZKsNm3wP9A==,c84af385dcbea8dbbaaa79ae3cce497599b59e42eb5bc35576c0b33b9cfd44bb,1990-12-17,864239,Cindyview,ME,55288
a05dd2bf8f,jerrypaul@example.org,gAAAAABoADdKOt_f9yYs4n01ZM_6TVKuwcNzUpkBVw9u1VxrZm4EfQl-75zNhsuVXPfsQnSKJ0EOOF_140igQX8asWAkVOgSPqHRw0FJibA0QGLXvoCYIWc=,efeb7ac49f1686a97846a5d13248a10ce8956c7994e22cf6a08323318c06060c,1984-04-16,398243,Smithberg,DC,80914
f5bdde26f4,gina60@example.org,gAAAAABoADdKWZgyRhZgYonPRt_MmbvzgzM8LMODiF5qvwr-pOaD9tY5l51jTmtLA5aewuPnU1ZBT9b1a9nwf2phZmJp9FSl_w==,862e9ec7328d7b6b5560165816555ac22cedb6de3a9575a1bf6ca9fed214c8f6,1957-07-15,396322,Brandyview,MO,08390
a28209e6e1,mtodd@example.net,gAAAAABoADdKyZq7XRokhFuqaVUyIYPG_cgHGNNUf9Tk-Ti6KVYOJqOGunS29J7zu2-NTm-D_F64PU6LPhMjulLo97itB_BAiA==,43e2693f748ea5a68f47f3eb03caa8b6bf653fe00a6f1b756f67344fff3079d5,1996-07-07,814385,East Crystal,AS,43848
e009ed2883,deborahbowen@example.org,gAAAAABoADdK1144yBWgzQNb021THn3TTkrTJg8uSSg-kaKDfnqeBFaagBfPfIb1o57YAzxxnhkN81YnUkjPSTUL3yjBNtbkIQ==,7ed7196880fdb96efef292179e70becfbb70eff0de5a381abb146c6270992f55,1982-07-29,194250,Andersenburgh,CT,88905
e3bd40a2e3,vdennis@example.org,gAAAAABoADdK65hBzDaYfpE0UXE3wyJun_7lBenr-mOcrcydyI03dwOc08y-lPF5nFrBJQKNbcPiN1nYnn8z9AIBem09Oxl8rQ==,d4903f060a126a87a0fc3137080f07c4a60a0eb5a6c546615897d2193bb5f83c,1974-07-23,382062,New Brian,ME,20902
5cab75c5e9,elizabeth95@example.com,gAAAAABoADdKdF7j5IKMBBF7T0fSc3TNmNcbqkITirEJopZkJ0yPrhxTNRc_Y1Wf1Zon-swfpQh9pdQwkZx5jOte5eoQpzVPHVfgXG0Dl8Z-XWWnxg5DCug=,8c33216088c50fa224a26d0a587fbb6c34d026352d9bf5f9687e9cb9362c6698,1975-06-20,896530,South Margaret,HI,74411
6686bb2aa7,tswanson@example.com,gAAAAABoADdK78k0S16uIFtRObtOvU6LIDry53lOJ1gRBMKgqm8z1YG0xdANIkMeL7AF8oOAg-G1KqMrsdDS6bGjDGuiCA_LI4BMmJyg5TRaFTICFomHEs0=,e5bc3c75ae4f2427949255f09b3e3a940b5e054a0d85af2e5478fb1f87ee05a2,1969-05-25,376099,South Henryburgh,GA,92428
7fb00edc70,opacheco@example.org,gAAAAABoADdKsvHtXcNZW8PCiRyoADGo5EEIxxl7c_F9_JIewUJ3wL6MrnS3_xOE2GYgoJKl_f3_vG8Af4H2MjU1JgZ9RckuOA==,34373f69311bca7b78012624d3fce9d62745278beca471e6cc29046a7cd21c03,2003-09-03,405870,Michaelfort,CA,08369
